menu_item,menu_item_price,menu_item_calories,input_address,restaurant_address
Classic Melt,$4.99,600 cal,"3227 Poplar Ave, Memphis, TN, 38111, US",3966 Park Avenue
Bacon Melt,$5.59,650 cal,"3227 Poplar Ave, Memphis, TN, 38111, US",3966 Park Avenue
Philly Melt,$5.49,590 cal,"3227 Poplar Ave, Memphis, TN, 38111, US",3966 Park Avenue
Whopper,$5.59,670 cal,"3227 Poplar Ave, Memphis, TN, 38111, US",3966 Park Avenue
Impossible™ Whopper,$6.59,630 cal,"3227 Poplar Ave, Memphis, TN, 38111, US",3966 Park Avenue
Double Whopper,$6.79,920 cal,"3227 Poplar Ave, Memphis, TN, 38111, US",3966 Park Avenue
Triple Whopper,$7.99,"1,170 cal","3227 Poplar Ave, Memphis, TN, 38111, US",3966 Park Avenue
Bacon King,$7.69,"1,200 cal","3227 Poplar Ave, Memphis, TN, 38111, US",3966 Park Avenue
BBQ Bacon Whopper Jr.,$3.99,390 cal,"3227 Poplar Ave, Memphis, TN, 38111, US",3966 Park Avenue
Whopper Jr.,$3.39,330 cal,"3227 Poplar Ave, Memphis, TN, 38111, US",3966 Park Avenue
Bacon Double Cheeseburger,$3.89,440 cal,"3227 Poplar Ave, Memphis, TN, 38111, US",3966 Park Avenue
Bacon Cheeseburger,$2.69,340 cal,"3227 Poplar Ave, Memphis, TN, 38111, US",3966 Park Avenue
Double Cheeseburger,$3.29,400 cal,"3227 Poplar Ave, Memphis, TN, 38111, US",3966 Park Avenue
Cheeseburger,$2.19,290 cal,"3227 Poplar Ave, Memphis, TN, 38111, US",3966 Park Avenue
Rodeo Burger,$1.99,340 cal,"3227 Poplar Ave, Memphis, TN, 38111, US",3966 Park Avenue
Hamburger,$1.99,250 cal,"3227 Poplar Ave, Memphis, TN, 38111, US",3966 Park Avenue
Have-sies™,$3.09,380 cal,"3227 Poplar Ave, Memphis, TN, 38111, US",3966 Park Avenue
French Fries,$3.09,370 cal,"3227 Poplar Ave, Memphis, TN, 38111, US",3966 Park Avenue
Onion Rings,$3.09,360 cal,"3227 Poplar Ave, Memphis, TN, 38111, US",3966 Park Avenue
12 Pc. Chicken Fries,$5.09,340 cal,"3227 Poplar Ave, Memphis, TN, 38111, US",3966 Park Avenue
8 Pc. Chicken Fries,$3.69,220 cal,"3227 Poplar Ave, Memphis, TN, 38111, US",3966 Park Avenue
12 Pc. Mozzarella Fries,$4.99,730 cal,"3227 Poplar Ave, Memphis, TN, 38111, US",3966 Park Avenue
8 Pc. Mozzarella Fries,$3.89,480 cal,"3227 Poplar Ave, Memphis, TN, 38111, US",3966 Park Avenue
4 Pc. Mozzarella Fries,$1.99,240 cal,"3227 Poplar Ave, Memphis, TN, 38111, US",3966 Park Avenue
8 Pc. Fiery Buffalo Nuggets,$2.99,510 cal,"3227 Poplar Ave, Memphis, TN, 38111, US",3966 Park Avenue
4 Pc. Chicken Fries,$2.09,110 cal,"3227 Poplar Ave, Memphis, TN, 38111, US",3966 Park Avenue
16 Pc. Chicken Nuggets,$4.59,770 cal,"3227 Poplar Ave, Memphis, TN, 38111, US",3966 Park Avenue
8 Pc. Chicken Nuggets,$2.49,390 cal,"3227 Poplar Ave, Memphis, TN, 38111, US",3966 Park Avenue
4 Pc. Chicken Nuggets,$1.59,190 cal,"3227 Poplar Ave, Memphis, TN, 38111, US",3966 Park Avenue
MOTTS Applesauce,$2.09,50 cal,"3227 Poplar Ave, Memphis, TN, 38111, US",3966 Park Avenue
Classic Melt,$4.99,600 cal,"659 Government St, Mobile, AL, 36602, US",659 Government St
Bacon Melt,$5.49,650 cal,"659 Government St, Mobile, AL, 36602, US",659 Government St
Philly Melt,$5.49,590 cal,"659 Government St, Mobile, AL, 36602, US",659 Government St
Whopper,$5.49,670 cal,"659 Government St, Mobile, AL, 36602, US",659 Government St
Impossible™ Whopper,$6.49,630 cal,"659 Government St, Mobile, AL, 36602, US",659 Government St
Texas Double Whopper,$7.49,"1,090 cal","659 Government St, Mobile, AL, 36602, US",659 Government St
Double Whopper,$6.99,920 cal,"659 Government St, Mobile, AL, 36602, US",659 Government St
Triple Whopper,$8.79,"1,170 cal","659 Government St, Mobile, AL, 36602, US",659 Government St
Bacon King,$7.69,"1,200 cal","659 Government St, Mobile, AL, 36602, US",659 Government St
BBQ Bacon Whopper Jr.,$4.19,390 cal,"659 Government St, Mobile, AL, 36602, US",659 Government St
Whopper Jr.,$3.19,330 cal,"659 Government St, Mobile, AL, 36602, US",659 Government St
Bacon Double Cheeseburger,$3.99,440 cal,"659 Government St, Mobile, AL, 36602, US",659 Government St
Bacon Cheeseburger,$2.99,340 cal,"659 Government St, Mobile, AL, 36602, US",659 Government St
Double Cheeseburger,$2.99,400 cal,"659 Government St, Mobile, AL, 36602, US",659 Government St
Cheeseburger,$2.29,290 cal,"659 Government St, Mobile, AL, 36602, US",659 Government St
Rodeo Burger,$2.29,340 cal,"659 Government St, Mobile, AL, 36602, US",659 Government St
Hamburger,$1.99,250 cal,"659 Government St, Mobile, AL, 36602, US",659 Government St
Have-sies™,$2.79,380 cal,"659 Government St, Mobile, AL, 36602, US",659 Government St
French Fries,$2.79,370 cal,"659 Government St, Mobile, AL, 36602, US",659 Government St
Onion Rings,$2.79,360 cal,"659 Government St, Mobile, AL, 36602, US",659 Government St
12 Pc. Chicken Fries,$4.99,340 cal,"659 Government St, Mobile, AL, 36602, US",659 Government St
8 Pc. Chicken Fries,$3.99,220 cal,"659 Government St, Mobile, AL, 36602, US",659 Government St
12 Pc. Mozzarella Fries,$4.99,730 cal,"659 Government St, Mobile, AL, 36602, US",659 Government St
8 Pc. Mozzarella Fries,$3.79,480 cal,"659 Government St, Mobile, AL, 36602, US",659 Government St
4 Pc. Mozzarella Fries,$1.99,240 cal,"659 Government St, Mobile, AL, 36602, US",659 Government St
8 Pc. Fiery Buffalo Nuggets,$2.99,510 cal,"659 Government St, Mobile, AL, 36602, US",659 Government St
4 Pc. Chicken Fries,$1.99,110 cal,"659 Government St, Mobile, AL, 36602, US",659 Government St
16 Pc. Chicken Nuggets,$3.59,770 cal,"659 Government St, Mobile, AL, 36602, US",659 Government St
8 Pc. Chicken Nuggets,$2.49,390 cal,"659 Government St, Mobile, AL, 36602, US",659 Government St
4 Pc. Chicken Nuggets,$1.79,190 cal,"659 Government St, Mobile, AL, 36602, US",659 Government St
MOTTS Applesauce,$1.69,50 cal,"659 Government St, Mobile, AL, 36602, US",659 Government St
Classic Melt,$4.99,600 cal,"5068 Old National Highway, College Park, GA, 30349, US",5068 Old National Hway
Bacon Melt,$5.49,650 cal,"5068 Old National Highway, College Park, GA, 30349, US",5068 Old National Hway
Philly Melt,$5.49,590 cal,"5068 Old National Highway, College Park, GA, 30349, US",5068 Old National Hway
Whopper,$5.89,670 cal,"5068 Old National Highway, College Park, GA, 30349, US",5068 Old National Hway
Impossible™ Whopper,$6.89,630 cal,"5068 Old National Highway, College Park, GA, 30349, US",5068 Old National Hway
Texas Double Whopper,$7.79,"1,090 cal","5068 Old National Highway, College Park, GA, 30349, US",5068 Old National Hway
Double Whopper,$6.99,920 cal,"5068 Old National Highway, College Park, GA, 30349, US",5068 Old National Hway
Triple Whopper,$8.19,"1,170 cal","5068 Old National Highway, College Park, GA, 30349, US",5068 Old National Hway
Bacon King,$7.69,"1,200 cal","5068 Old National Highway, College Park, GA, 30349, US",5068 Old National Hway
BBQ Bacon Whopper Jr.,$3.49,390 cal,"5068 Old National Highway, College Park, GA, 30349, US",5068 Old National Hway
Whopper Jr.,$2.99,330 cal,"5068 Old National Highway, College Park, GA, 30349, US",5068 Old National Hway
Bacon Double Cheeseburger,$3.39,440 cal,"5068 Old National Highway, College Park, GA, 30349, US",5068 Old National Hway
Bacon Cheeseburger,$2.69,340 cal,"5068 Old National Highway, College Park, GA, 30349, US",5068 Old National Hway
Double Cheeseburger,$2.89,400 cal,"5068 Old National Highway, College Park, GA, 30349, US",5068 Old National Hway
Cheeseburger,$2.29,290 cal,"5068 Old National Highway, College Park, GA, 30349, US",5068 Old National Hway
Rodeo Burger,$2.29,340 cal,"5068 Old National Highway, College Park, GA, 30349, US",5068 Old National Hway
Hamburger,$1.89,250 cal,"5068 Old National Highway, College Park, GA, 30349, US",5068 Old National Hway
Have-sies™,$2.99,380 cal,"5068 Old National Highway, College Park, GA, 30349, US",5068 Old National Hway
French Fries,$2.89,370 cal,"5068 Old National Highway, College Park, GA, 30349, US",5068 Old National Hway
Onion Rings,$2.89,360 cal,"5068 Old National Highway, College Park, GA, 30349, US",5068 Old National Hway
12 Pc. Chicken Fries,$4.99,340 cal,"5068 Old National Highway, College Park, GA, 30349, US",5068 Old National Hway
8 Pc. Chicken Fries,$3.99,220 cal,"5068 Old National Highway, College Park, GA, 30349, US",5068 Old National Hway
12 Pc. Mozzarella Fries,$4.99,730 cal,"5068 Old National Highway, College Park, GA, 30349, US",5068 Old National Hway
8 Pc. Mozzarella Fries,$3.79,480 cal,"5068 Old National Highway, College Park, GA, 30349, US",5068 Old National Hway
4 Pc. Mozzarella Fries,$1.99,240 cal,"5068 Old National Highway, College Park, GA, 30349, US",5068 Old National Hway
8 Pc. Fiery Buffalo Nuggets,$2.99,510 cal,"5068 Old National Highway, College Park, GA, 30349, US",5068 Old National Hway
4 Pc. Chicken Fries,$1.99,110 cal,"5068 Old National Highway, College Park, GA, 30349, US",5068 Old National Hway
16 Pc. Chicken Nuggets,$3.99,770 cal,"5068 Old National Highway, College Park, GA, 30349, US",5068 Old National Hway
8 Pc. Chicken Nuggets,$2.49,390 cal,"5068 Old National Highway, College Park, GA, 30349, US",5068 Old National Hway
4 Pc. Chicken Nuggets,$1.59,190 cal,"5068 Old National Highway, College Park, GA, 30349, US",5068 Old National Hway
MOTTS Applesauce,$1.59,50 cal,"5068 Old National Highway, College Park, GA, 30349, US",5068 Old National Hway
Classic Melt,$4.99,600 cal,"2116 Whitesburg Drive, Huntsville, AL, 35801, US",2116 Whitesburg Drive
Bacon Melt,$5.69,650 cal,"2116 Whitesburg Drive, Huntsville, AL, 35801, US",2116 Whitesburg Drive
Philly Melt,$5.69,590 cal,"2116 Whitesburg Drive, Huntsville, AL, 35801, US",2116 Whitesburg Drive
Whopper,$5.89,670 cal,"2116 Whitesburg Drive, Huntsville, AL, 35801, US",2116 Whitesburg Drive
Impossible™ Whopper,$6.89,630 cal,"2116 Whitesburg Drive, Huntsville, AL, 35801, US",2116 Whitesburg Drive
Texas Double Whopper,$7.59,"1,090 cal","2116 Whitesburg Drive, Huntsville, AL, 35801, US",2116 Whitesburg Drive
Double Whopper,$7.19,920 cal,"2116 Whitesburg Drive, Huntsville, AL, 35801, US",2116 Whitesburg Drive
Triple Whopper,$8.19,"1,170 cal","2116 Whitesburg Drive, Huntsville, AL, 35801, US",2116 Whitesburg Drive
Bacon King,$7.59,"1,200 cal","2116 Whitesburg Drive, Huntsville, AL, 35801, US",2116 Whitesburg Drive
BBQ Bacon Whopper Jr.,$3.49,390 cal,"2116 Whitesburg Drive, Huntsville, AL, 35801, US",2116 Whitesburg Drive
Whopper Jr.,$3.09,330 cal,"2116 Whitesburg Drive, Huntsville, AL, 35801, US",2116 Whitesburg Drive
Bacon Double Cheeseburger,$3.39,440 cal,"2116 Whitesburg Drive, Huntsville, AL, 35801, US",2116 Whitesburg Drive
Bacon Cheeseburger,$2.69,340 cal,"2116 Whitesburg Drive, Huntsville, AL, 35801, US",2116 Whitesburg Drive
Double Cheeseburger,$2.79,400 cal,"2116 Whitesburg Drive, Huntsville, AL, 35801, US",2116 Whitesburg Drive
Cheeseburger,$2.29,290 cal,"2116 Whitesburg Drive, Huntsville, AL, 35801, US",2116 Whitesburg Drive
Rodeo Burger,$2.29,340 cal,"2116 Whitesburg Drive, Huntsville, AL, 35801, US",2116 Whitesburg Drive
Hamburger,$1.89,250 cal,"2116 Whitesburg Drive, Huntsville, AL, 35801, US",2116 Whitesburg Drive
Have-sies™,$2.99,380 cal,"2116 Whitesburg Drive, Huntsville, AL, 35801, US",2116 Whitesburg Drive
French Fries,$2.89,370 cal,"2116 Whitesburg Drive, Huntsville, AL, 35801, US",2116 Whitesburg Drive
Onion Rings,$2.89,360 cal,"2116 Whitesburg Drive, Huntsville, AL, 35801, US",2116 Whitesburg Drive
12 Pc. Chicken Fries,$4.99,340 cal,"2116 Whitesburg Drive, Huntsville, AL, 35801, US",2116 Whitesburg Drive
8 Pc. Chicken Fries,$3.99,220 cal,"2116 Whitesburg Drive, Huntsville, AL, 35801, US",2116 Whitesburg Drive
12 Pc. Mozzarella Fries,$5.49,730 cal,"2116 Whitesburg Drive, Huntsville, AL, 35801, US",2116 Whitesburg Drive
8 Pc. Mozzarella Fries,$3.99,480 cal,"2116 Whitesburg Drive, Huntsville, AL, 35801, US",2116 Whitesburg Drive
4 Pc. Mozzarella Fries,$1.99,240 cal,"2116 Whitesburg Drive, Huntsville, AL, 35801, US",2116 Whitesburg Drive
8 Pc. Fiery Buffalo Nuggets,$2.99,510 cal,"2116 Whitesburg Drive, Huntsville, AL, 35801, US",2116 Whitesburg Drive
4 Pc. Chicken Fries,$1.99,110 cal,"2116 Whitesburg Drive, Huntsville, AL, 35801, US",2116 Whitesburg Drive
16 Pc. Chicken Nuggets,$3.99,770 cal,"2116 Whitesburg Drive, Huntsville, AL, 35801, US",2116 Whitesburg Drive
8 Pc. Chicken Nuggets,$2.49,390 cal,"2116 Whitesburg Drive, Huntsville, AL, 35801, US",2116 Whitesburg Drive
4 Pc. Chicken Nuggets,$1.59,190 cal,"2116 Whitesburg Drive, Huntsville, AL, 35801, US",2116 Whitesburg Drive
MOTTS Applesauce,$1.49,50 cal,"2116 Whitesburg Drive, Huntsville, AL, 35801, US",2116 Whitesburg Drive
Classic Melt,$4.99,600 cal,"1131 Lexington Road, Georgetown, KY, 40324, US",1131 Lexington Road
Bacon Melt,$5.49,650 cal,"1131 Lexington Road, Georgetown, KY, 40324, US",1131 Lexington Road
Philly Melt,$5.49,590 cal,"1131 Lexington Road, Georgetown, KY, 40324, US",1131 Lexington Road
Whopper,$5.19,670 cal,"1131 Lexington Road, Georgetown, KY, 40324, US",1131 Lexington Road
Impossible™ Whopper,$6.09,630 cal,"1131 Lexington Road, Georgetown, KY, 40324, US",1131 Lexington Road
Double Whopper,$6.99,920 cal,"1131 Lexington Road, Georgetown, KY, 40324, US",1131 Lexington Road
Triple Whopper,$8.99,"1,170 cal","1131 Lexington Road, Georgetown, KY, 40324, US",1131 Lexington Road
Bacon King,$7.99,"1,200 cal","1131 Lexington Road, Georgetown, KY, 40324, US",1131 Lexington Road
BBQ Bacon Whopper Jr.,$3.39,390 cal,"1131 Lexington Road, Georgetown, KY, 40324, US",1131 Lexington Road
Whopper Jr.,$2.79,330 cal,"1131 Lexington Road, Georgetown, KY, 40324, US",1131 Lexington Road
Bacon Double Cheeseburger,$3.69,440 cal,"1131 Lexington Road, Georgetown, KY, 40324, US",1131 Lexington Road
Bacon Cheeseburger,$2.79,340 cal,"1131 Lexington Road, Georgetown, KY, 40324, US",1131 Lexington Road
Double Cheeseburger,$3.19,400 cal,"1131 Lexington Road, Georgetown, KY, 40324, US",1131 Lexington Road
Cheeseburger,$1.99,290 cal,"1131 Lexington Road, Georgetown, KY, 40324, US",1131 Lexington Road
Rodeo Burger,$1.99,340 cal,"1131 Lexington Road, Georgetown, KY, 40324, US",1131 Lexington Road
Hamburger,$1.69,250 cal,"1131 Lexington Road, Georgetown, KY, 40324, US",1131 Lexington Road
Have-sies™,$2.99,380 cal,"1131 Lexington Road, Georgetown, KY, 40324, US",1131 Lexington Road
French Fries,$2.99,370 cal,"1131 Lexington Road, Georgetown, KY, 40324, US",1131 Lexington Road
Onion Rings,$2.99,360 cal,"1131 Lexington Road, Georgetown, KY, 40324, US",1131 Lexington Road
12 Pc. Chicken Fries,$4.99,340 cal,"1131 Lexington Road, Georgetown, KY, 40324, US",1131 Lexington Road
8 Pc. Chicken Fries,$3.79,220 cal,"1131 Lexington Road, Georgetown, KY, 40324, US",1131 Lexington Road
12 Pc. Mozzarella Fries,$4.99,730 cal,"1131 Lexington Road, Georgetown, KY, 40324, US",1131 Lexington Road
8 Pc. Mozzarella Fries,$3.79,480 cal,"1131 Lexington Road, Georgetown, KY, 40324, US",1131 Lexington Road
4 Pc. Mozzarella Fries,$1.99,240 cal,"1131 Lexington Road, Georgetown, KY, 40324, US",1131 Lexington Road
8 Pc. Fiery Buffalo Nuggets,$2.99,510 cal,"1131 Lexington Road, Georgetown, KY, 40324, US",1131 Lexington Road
4 Pc. Chicken Fries,$1.99,110 cal,"1131 Lexington Road, Georgetown, KY, 40324, US",1131 Lexington Road
16 Pc. Chicken Nuggets,$4.99,770 cal,"1131 Lexington Road, Georgetown, KY, 40324, US",1131 Lexington Road
8 Pc. Chicken Nuggets,$2.49,390 cal,"1131 Lexington Road, Georgetown, KY, 40324, US",1131 Lexington Road
4 Pc. Chicken Nuggets,$1.79,190 cal,"1131 Lexington Road, Georgetown, KY, 40324, US",1131 Lexington Road
MOTTS Applesauce,$1.49,50 cal,"1131 Lexington Road, Georgetown, KY, 40324, US",1131 Lexington Road
Classic Melt,$4.99,600 cal,"4200 Saron Road, Lexington, KY, 40515, US",4200 Saron Road
Bacon Melt,$5.49,650 cal,"4200 Saron Road, Lexington, KY, 40515, US",4200 Saron Road
Philly Melt,$5.49,590 cal,"4200 Saron Road, Lexington, KY, 40515, US",4200 Saron Road
Whopper,$5.19,670 cal,"4200 Saron Road, Lexington, KY, 40515, US",4200 Saron Road
Impossible™ Whopper,$6.09,630 cal,"4200 Saron Road, Lexington, KY, 40515, US",4200 Saron Road
Double Whopper,$6.99,920 cal,"4200 Saron Road, Lexington, KY, 40515, US",4200 Saron Road
Triple Whopper,$8.99,"1,170 cal","4200 Saron Road, Lexington, KY, 40515, US",4200 Saron Road
Bacon King,$7.99,"1,200 cal","4200 Saron Road, Lexington, KY, 40515, US",4200 Saron Road
BBQ Bacon Whopper Jr.,$3.39,390 cal,"4200 Saron Road, Lexington, KY, 40515, US",4200 Saron Road
Whopper Jr.,$2.79,330 cal,"4200 Saron Road, Lexington, KY, 40515, US",4200 Saron Road
Bacon Double Cheeseburger,$3.69,440 cal,"4200 Saron Road, Lexington, KY, 40515, US",4200 Saron Road
Bacon Cheeseburger,$2.79,340 cal,"4200 Saron Road, Lexington, KY, 40515, US",4200 Saron Road
Double Cheeseburger,$3.19,400 cal,"4200 Saron Road, Lexington, KY, 40515, US",4200 Saron Road
Cheeseburger,$1.99,290 cal,"4200 Saron Road, Lexington, KY, 40515, US",4200 Saron Road
Rodeo Burger,$1.99,340 cal,"4200 Saron Road, Lexington, KY, 40515, US",4200 Saron Road
Hamburger,$1.69,250 cal,"4200 Saron Road, Lexington, KY, 40515, US",4200 Saron Road
Have-sies™,$2.99,380 cal,"4200 Saron Road, Lexington, KY, 40515, US",4200 Saron Road
French Fries,$2.99,370 cal,"4200 Saron Road, Lexington, KY, 40515, US",4200 Saron Road
Onion Rings,$2.99,360 cal,"4200 Saron Road, Lexington, KY, 40515, US",4200 Saron Road
12 Pc. Chicken Fries,$4.99,340 cal,"4200 Saron Road, Lexington, KY, 40515, US",4200 Saron Road
8 Pc. Chicken Fries,$3.79,220 cal,"4200 Saron Road, Lexington, KY, 40515, US",4200 Saron Road
12 Pc. Mozzarella Fries,$4.99,730 cal,"4200 Saron Road, Lexington, KY, 40515, US",4200 Saron Road
8 Pc. Mozzarella Fries,$3.79,480 cal,"4200 Saron Road, Lexington, KY, 40515, US",4200 Saron Road
4 Pc. Mozzarella Fries,$1.99,240 cal,"4200 Saron Road, Lexington, KY, 40515, US",4200 Saron Road
8 Pc. Fiery Buffalo Nuggets,$2.99,510 cal,"4200 Saron Road, Lexington, KY, 40515, US",4200 Saron Road
4 Pc. Chicken Fries,$1.99,110 cal,"4200 Saron Road, Lexington, KY, 40515, US",4200 Saron Road
16 Pc. Chicken Nuggets,$4.99,770 cal,"4200 Saron Road, Lexington, KY, 40515, US",4200 Saron Road
8 Pc. Chicken Nuggets,$2.49,390 cal,"4200 Saron Road, Lexington, KY, 40515, US",4200 Saron Road
4 Pc. Chicken Nuggets,$1.79,190 cal,"4200 Saron Road, Lexington, KY, 40515, US",4200 Saron Road
MOTTS Applesauce,$1.49,50 cal,"4200 Saron Road, Lexington, KY, 40515, US",4200 Saron Road
Classic Melt,$4.99,600 cal,"2806 North Broadway, Knoxville, TN, 37917, US",2806 North Broadway
Bacon Melt,$5.49,650 cal,"2806 North Broadway, Knoxville, TN, 37917, US",2806 North Broadway
Philly Melt,$5.49,590 cal,"2806 North Broadway, Knoxville, TN, 37917, US",2806 North Broadway
Whopper,$4.99,670 cal,"2806 North Broadway, Knoxville, TN, 37917, US",2806 North Broadway
Impossible™ Whopper,$5.99,630 cal,"2806 North Broadway, Knoxville, TN, 37917, US",2806 North Broadway
Texas Double Whopper,$8.99,"1,090 cal","2806 North Broadway, Knoxville, TN, 37917, US",2806 North Broadway
Double Whopper,$6.39,920 cal,"2806 North Broadway, Knoxville, TN, 37917, US",2806 North Broadway
Triple Whopper,$7.79,"1,170 cal","2806 North Broadway, Knoxville, TN, 37917, US",2806 North Broadway
Bacon King,$7.99,"1,200 cal","2806 North Broadway, Knoxville, TN, 37917, US",2806 North Broadway
BBQ Bacon Whopper Jr.,$4.29,390 cal,"2806 North Broadway, Knoxville, TN, 37917, US",2806 North Broadway
Whopper Jr.,$3.49,330 cal,"2806 North Broadway, Knoxville, TN, 37917, US",2806 North Broadway
Bacon Double Cheeseburger,$3.99,440 cal,"2806 North Broadway, Knoxville, TN, 37917, US",2806 North Broadway
Bacon Cheeseburger,$2.99,340 cal,"2806 North Broadway, Knoxville, TN, 37917, US",2806 North Broadway
Double Cheeseburger,$3.49,400 cal,"2806 North Broadway, Knoxville, TN, 37917, US",2806 North Broadway
Cheeseburger,$2.49,290 cal,"2806 North Broadway, Knoxville, TN, 37917, US",2806 North Broadway
Rodeo Burger,$2.19,340 cal,"2806 North Broadway, Knoxville, TN, 37917, US",2806 North Broadway
Hamburger,$2.19,250 cal,"2806 North Broadway, Knoxville, TN, 37917, US",2806 North Broadway
Have-sies™,$2.89,380 cal,"2806 North Broadway, Knoxville, TN, 37917, US",2806 North Broadway
French Fries,$2.99,370 cal,"2806 North Broadway, Knoxville, TN, 37917, US",2806 North Broadway
Onion Rings,$2.99,360 cal,"2806 North Broadway, Knoxville, TN, 37917, US",2806 North Broadway
12 Pc. Chicken Fries,$5.49,340 cal,"2806 North Broadway, Knoxville, TN, 37917, US",2806 North Broadway
8 Pc. Chicken Fries,$4.49,220 cal,"2806 North Broadway, Knoxville, TN, 37917, US",2806 North Broadway
12 Pc. Mozzarella Fries,$5.49,730 cal,"2806 North Broadway, Knoxville, TN, 37917, US",2806 North Broadway
8 Pc. Mozzarella Fries,$3.89,480 cal,"2806 North Broadway, Knoxville, TN, 37917, US",2806 North Broadway
4 Pc. Mozzarella Fries,$1.99,240 cal,"2806 North Broadway, Knoxville, TN, 37917, US",2806 North Broadway
8 Pc. Fiery Buffalo Nuggets,$2.99,510 cal,"2806 North Broadway, Knoxville, TN, 37917, US",2806 North Broadway
4 Pc. Chicken Fries,$2.49,110 cal,"2806 North Broadway, Knoxville, TN, 37917, US",2806 North Broadway
16 Pc. Chicken Nuggets,$2.99,770 cal,"2806 North Broadway, Knoxville, TN, 37917, US",2806 North Broadway
8 Pc. Chicken Nuggets,$2.49,390 cal,"2806 North Broadway, Knoxville, TN, 37917, US",2806 North Broadway
4 Pc. Chicken Nuggets,$1.49,190 cal,"2806 North Broadway, Knoxville, TN, 37917, US",2806 North Broadway
MOTTS Applesauce,$1.49,50 cal,"2806 North Broadway, Knoxville, TN, 37917, US",2806 North Broadway
Classic Melt,$4.99,600 cal,"2119 East 23rd Street, Chattanooga, TN, 37404, US",2119 East 23rd Street
Bacon Melt,$5.49,650 cal,"2119 East 23rd Street, Chattanooga, TN, 37404, US",2119 East 23rd Street
Philly Melt,$5.49,590 cal,"2119 East 23rd Street, Chattanooga, TN, 37404, US",2119 East 23rd Street
Whopper,$5.49,670 cal,"2119 East 23rd Street, Chattanooga, TN, 37404, US",2119 East 23rd Street
Impossible™ Whopper,$6.49,630 cal,"2119 East 23rd Street, Chattanooga, TN, 37404, US",2119 East 23rd Street
Texas Double Whopper,$7.49,"1,090 cal","2119 East 23rd Street, Chattanooga, TN, 37404, US",2119 East 23rd Street
Double Whopper,$6.99,920 cal,"2119 East 23rd Street, Chattanooga, TN, 37404, US",2119 East 23rd Street
Triple Whopper,$8.79,"1,170 cal","2119 East 23rd Street, Chattanooga, TN, 37404, US",2119 East 23rd Street
Bacon King,$7.69,"1,200 cal","2119 East 23rd Street, Chattanooga, TN, 37404, US",2119 East 23rd Street
BBQ Bacon Whopper Jr.,$4.19,390 cal,"2119 East 23rd Street, Chattanooga, TN, 37404, US",2119 East 23rd Street
Whopper Jr.,$3.19,330 cal,"2119 East 23rd Street, Chattanooga, TN, 37404, US",2119 East 23rd Street
Bacon Double Cheeseburger,$3.99,440 cal,"2119 East 23rd Street, Chattanooga, TN, 37404, US",2119 East 23rd Street
Bacon Cheeseburger,$2.99,340 cal,"2119 East 23rd Street, Chattanooga, TN, 37404, US",2119 East 23rd Street
Double Cheeseburger,$2.99,400 cal,"2119 East 23rd Street, Chattanooga, TN, 37404, US",2119 East 23rd Street
Cheeseburger,$2.29,290 cal,"2119 East 23rd Street, Chattanooga, TN, 37404, US",2119 East 23rd Street
Rodeo Burger,$2.29,340 cal,"2119 East 23rd Street, Chattanooga, TN, 37404, US",2119 East 23rd Street
Hamburger,$1.99,250 cal,"2119 East 23rd Street, Chattanooga, TN, 37404, US",2119 East 23rd Street
Have-sies™,$2.79,380 cal,"2119 East 23rd Street, Chattanooga, TN, 37404, US",2119 East 23rd Street
French Fries,$2.79,370 cal,"2119 East 23rd Street, Chattanooga, TN, 37404, US",2119 East 23rd Street
Onion Rings,$2.79,360 cal,"2119 East 23rd Street, Chattanooga, TN, 37404, US",2119 East 23rd Street
12 Pc. Chicken Fries,$4.99,340 cal,"2119 East 23rd Street, Chattanooga, TN, 37404, US",2119 East 23rd Street
8 Pc. Chicken Fries,$3.99,220 cal,"2119 East 23rd Street, Chattanooga, TN, 37404, US",2119 East 23rd Street
12 Pc. Mozzarella Fries,$4.99,730 cal,"2119 East 23rd Street, Chattanooga, TN, 37404, US",2119 East 23rd Street
8 Pc. Mozzarella Fries,$3.79,480 cal,"2119 East 23rd Street, Chattanooga, TN, 37404, US",2119 East 23rd Street
4 Pc. Mozzarella Fries,$1.99,240 cal,"2119 East 23rd Street, Chattanooga, TN, 37404, US",2119 East 23rd Street
8 Pc. Fiery Buffalo Nuggets,$2.99,510 cal,"2119 East 23rd Street, Chattanooga, TN, 37404, US",2119 East 23rd Street
4 Pc. Chicken Fries,$1.99,110 cal,"2119 East 23rd Street, Chattanooga, TN, 37404, US",2119 East 23rd Street
16 Pc. Chicken Nuggets,$3.99,770 cal,"2119 East 23rd Street, Chattanooga, TN, 37404, US",2119 East 23rd Street
8 Pc. Chicken Nuggets,$2.49,390 cal,"2119 East 23rd Street, Chattanooga, TN, 37404, US",2119 East 23rd Street
4 Pc. Chicken Nuggets,$1.79,190 cal,"2119 East 23rd Street, Chattanooga, TN, 37404, US",2119 East 23rd Street
MOTTS Applesauce,$1.69,50 cal,"2119 East 23rd Street, Chattanooga, TN, 37404, US",2119 East 23rd Street
Classic Melt,$4.99,600 cal,"1901 Route 286, Pittsburgh, PA, 15239, US",1737 Golden Mile Hwy
Bacon Melt,$5.59,650 cal,"1901 Route 286, Pittsburgh, PA, 15239, US",1737 Golden Mile Hwy
Philly Melt,$5.49,590 cal,"1901 Route 286, Pittsburgh, PA, 15239, US",1737 Golden Mile Hwy
Whopper,$5.79,670 cal,"1901 Route 286, Pittsburgh, PA, 15239, US",1737 Golden Mile Hwy
Impossible™ Whopper,$6.79,630 cal,"1901 Route 286, Pittsburgh, PA, 15239, US",1737 Golden Mile Hwy
Double Whopper,$6.99,920 cal,"1901 Route 286, Pittsburgh, PA, 15239, US",1737 Golden Mile Hwy
Triple Whopper,$8.19,"1,170 cal","1901 Route 286, Pittsburgh, PA, 15239, US",1737 Golden Mile Hwy
Bacon King,$8.59,"1,200 cal","1901 Route 286, Pittsburgh, PA, 15239, US",1737 Golden Mile Hwy
BBQ Bacon Whopper Jr.,$3.99,390 cal,"1901 Route 286, Pittsburgh, PA, 15239, US",1737 Golden Mile Hwy
Whopper Jr.,$3.39,330 cal,"1901 Route 286, Pittsburgh, PA, 15239, US",1737 Golden Mile Hwy
Bacon Double Cheeseburger,$3.89,440 cal,"1901 Route 286, Pittsburgh, PA, 15239, US",1737 Golden Mile Hwy
Bacon Cheeseburger,$2.69,340 cal,"1901 Route 286, Pittsburgh, PA, 15239, US",1737 Golden Mile Hwy
Double Cheeseburger,$3.29,400 cal,"1901 Route 286, Pittsburgh, PA, 15239, US",1737 Golden Mile Hwy
Cheeseburger,$2.19,290 cal,"1901 Route 286, Pittsburgh, PA, 15239, US",1737 Golden Mile Hwy
Rodeo Burger,$1.99,340 cal,"1901 Route 286, Pittsburgh, PA, 15239, US",1737 Golden Mile Hwy
Hamburger,$1.99,250 cal,"1901 Route 286, Pittsburgh, PA, 15239, US",1737 Golden Mile Hwy
Have-sies™,$3.29,380 cal,"1901 Route 286, Pittsburgh, PA, 15239, US",1737 Golden Mile Hwy
French Fries,$3.29,370 cal,"1901 Route 286, Pittsburgh, PA, 15239, US",1737 Golden Mile Hwy
Onion Rings,$3.29,360 cal,"1901 Route 286, Pittsburgh, PA, 15239, US",1737 Golden Mile Hwy
12 Pc. Chicken Fries,$5.09,340 cal,"1901 Route 286, Pittsburgh, PA, 15239, US",1737 Golden Mile Hwy
8 Pc. Chicken Fries,$3.69,220 cal,"1901 Route 286, Pittsburgh, PA, 15239, US",1737 Golden Mile Hwy
12 Pc. Mozzarella Fries,$4.99,730 cal,"1901 Route 286, Pittsburgh, PA, 15239, US",1737 Golden Mile Hwy
8 Pc. Mozzarella Fries,$3.89,480 cal,"1901 Route 286, Pittsburgh, PA, 15239, US",1737 Golden Mile Hwy
4 Pc. Mozzarella Fries,$1.99,240 cal,"1901 Route 286, Pittsburgh, PA, 15239, US",1737 Golden Mile Hwy
8 Pc. Fiery Buffalo Nuggets,$2.99,510 cal,"1901 Route 286, Pittsburgh, PA, 15239, US",1737 Golden Mile Hwy
4 Pc. Chicken Fries,$2.09,110 cal,"1901 Route 286, Pittsburgh, PA, 15239, US",1737 Golden Mile Hwy
16 Pc. Chicken Nuggets,$4.59,770 cal,"1901 Route 286, Pittsburgh, PA, 15239, US",1737 Golden Mile Hwy
8 Pc. Chicken Nuggets,$2.49,390 cal,"1901 Route 286, Pittsburgh, PA, 15239, US",1737 Golden Mile Hwy
4 Pc. Chicken Nuggets,$1.59,190 cal,"1901 Route 286, Pittsburgh, PA, 15239, US",1737 Golden Mile Hwy
MOTTS Applesauce,$2.09,50 cal,"1901 Route 286, Pittsburgh, PA, 15239, US",1737 Golden Mile Hwy
Classic Melt,$4.99,600 cal,"451 W. New Circle Road, Lexington, KY, 40511, US",451 W. New Circle Road
Bacon Melt,$5.49,650 cal,"451 W. New Circle Road, Lexington, KY, 40511, US",451 W. New Circle Road
Philly Melt,$5.49,590 cal,"451 W. New Circle Road, Lexington, KY, 40511, US",451 W. New Circle Road
Whopper,$5.19,670 cal,"451 W. New Circle Road, Lexington, KY, 40511, US",451 W. New Circle Road
Impossible™ Whopper,$6.09,630 cal,"451 W. New Circle Road, Lexington, KY, 40511, US",451 W. New Circle Road
Double Whopper,$6.99,920 cal,"451 W. New Circle Road, Lexington, KY, 40511, US",451 W. New Circle Road
Triple Whopper,$8.99,"1,170 cal","451 W. New Circle Road, Lexington, KY, 40511, US",451 W. New Circle Road
Bacon King,$7.99,"1,200 cal","451 W. New Circle Road, Lexington, KY, 40511, US",451 W. New Circle Road
BBQ Bacon Whopper Jr.,$3.39,390 cal,"451 W. New Circle Road, Lexington, KY, 40511, US",451 W. New Circle Road
Whopper Jr.,$2.79,330 cal,"451 W. New Circle Road, Lexington, KY, 40511, US",451 W. New Circle Road
Bacon Double Cheeseburger,$3.69,440 cal,"451 W. New Circle Road, Lexington, KY, 40511, US",451 W. New Circle Road
Bacon Cheeseburger,$2.79,340 cal,"451 W. New Circle Road, Lexington, KY, 40511, US",451 W. New Circle Road
Double Cheeseburger,$3.19,400 cal,"451 W. New Circle Road, Lexington, KY, 40511, US",451 W. New Circle Road
Cheeseburger,$1.99,290 cal,"451 W. New Circle Road, Lexington, KY, 40511, US",451 W. New Circle Road
Rodeo Burger,$1.99,340 cal,"451 W. New Circle Road, Lexington, KY, 40511, US",451 W. New Circle Road
Hamburger,$1.69,250 cal,"451 W. New Circle Road, Lexington, KY, 40511, US",451 W. New Circle Road
Have-sies™,$2.99,380 cal,"451 W. New Circle Road, Lexington, KY, 40511, US",451 W. New Circle Road
French Fries,$2.99,370 cal,"451 W. New Circle Road, Lexington, KY, 40511, US",451 W. New Circle Road
Onion Rings,$2.99,360 cal,"451 W. New Circle Road, Lexington, KY, 40511, US",451 W. New Circle Road
12 Pc. Chicken Fries,$4.99,340 cal,"451 W. New Circle Road, Lexington, KY, 40511, US",451 W. New Circle Road
8 Pc. Chicken Fries,$3.79,220 cal,"451 W. New Circle Road, Lexington, KY, 40511, US",451 W. New Circle Road
12 Pc. Mozzarella Fries,$4.99,730 cal,"451 W. New Circle Road, Lexington, KY, 40511, US",451 W. New Circle Road
8 Pc. Mozzarella Fries,$3.79,480 cal,"451 W. New Circle Road, Lexington, KY, 40511, US",451 W. New Circle Road
4 Pc. Mozzarella Fries,$1.99,240 cal,"451 W. New Circle Road, Lexington, KY, 40511, US",451 W. New Circle Road
8 Pc. Fiery Buffalo Nuggets,$2.99,510 cal,"451 W. New Circle Road, Lexington, KY, 40511, US",451 W. New Circle Road
4 Pc. Chicken Fries,$1.99,110 cal,"451 W. New Circle Road, Lexington, KY, 40511, US",451 W. New Circle Road
16 Pc. Chicken Nuggets,$4.99,770 cal,"451 W. New Circle Road, Lexington, KY, 40511, US",451 W. New Circle Road
8 Pc. Chicken Nuggets,$2.49,390 cal,"451 W. New Circle Road, Lexington, KY, 40511, US",451 W. New Circle Road
4 Pc. Chicken Nuggets,$1.79,190 cal,"451 W. New Circle Road, Lexington, KY, 40511, US",451 W. New Circle Road
MOTTS Applesauce,$1.49,50 cal,"451 W. New Circle Road, Lexington, KY, 40511, US",451 W. New Circle Road
Classic Melt,$4.99,600 cal,"6337 Crawfordsville Rd, Speedway, IN, 46224, US",6337 CRAWFORDSVILLE RD
Bacon Melt,$5.49,650 cal,"6337 Crawfordsville Rd, Speedway, IN, 46224, US",6337 CRAWFORDSVILLE RD
Philly Melt,$5.49,590 cal,"6337 Crawfordsville Rd, Speedway, IN, 46224, US",6337 CRAWFORDSVILLE RD
Whopper,$5.89,670 cal,"6337 Crawfordsville Rd, Speedway, IN, 46224, US",6337 CRAWFORDSVILLE RD
Impossible™ Whopper,$7.09,630 cal,"6337 Crawfordsville Rd, Speedway, IN, 46224, US",6337 CRAWFORDSVILLE RD
Double Whopper,$6.99,920 cal,"6337 Crawfordsville Rd, Speedway, IN, 46224, US",6337 CRAWFORDSVILLE RD
Triple Whopper,$7.99,"1,170 cal","6337 Crawfordsville Rd, Speedway, IN, 46224, US",6337 CRAWFORDSVILLE RD
Bacon King,$7.79,"1,200 cal","6337 Crawfordsville Rd, Speedway, IN, 46224, US",6337 CRAWFORDSVILLE RD
BBQ Bacon Whopper Jr.,$4.69,390 cal,"6337 Crawfordsville Rd, Speedway, IN, 46224, US",6337 CRAWFORDSVILLE RD
Whopper Jr.,$4.19,330 cal,"6337 Crawfordsville Rd, Speedway, IN, 46224, US",6337 CRAWFORDSVILLE RD
Bacon Double Cheeseburger,$3.99,440 cal,"6337 Crawfordsville Rd, Speedway, IN, 46224, US",6337 CRAWFORDSVILLE RD
Bacon Cheeseburger,$2.69,340 cal,"6337 Crawfordsville Rd, Speedway, IN, 46224, US",6337 CRAWFORDSVILLE RD
Double Cheeseburger,$2.99,400 cal,"6337 Crawfordsville Rd, Speedway, IN, 46224, US",6337 CRAWFORDSVILLE RD
Cheeseburger,$1.99,290 cal,"6337 Crawfordsville Rd, Speedway, IN, 46224, US",6337 CRAWFORDSVILLE RD
Rodeo Burger,$1.99,340 cal,"6337 Crawfordsville Rd, Speedway, IN, 46224, US",6337 CRAWFORDSVILLE RD
Hamburger,$1.79,250 cal,"6337 Crawfordsville Rd, Speedway, IN, 46224, US",6337 CRAWFORDSVILLE RD
Have-sies™,$2.99,380 cal,"6337 Crawfordsville Rd, Speedway, IN, 46224, US",6337 CRAWFORDSVILLE RD
French Fries,$2.99,370 cal,"6337 Crawfordsville Rd, Speedway, IN, 46224, US",6337 CRAWFORDSVILLE RD
Onion Rings,$2.99,360 cal,"6337 Crawfordsville Rd, Speedway, IN, 46224, US",6337 CRAWFORDSVILLE RD
12 Pc. Chicken Fries,$4.99,340 cal,"6337 Crawfordsville Rd, Speedway, IN, 46224, US",6337 CRAWFORDSVILLE RD
8 Pc. Chicken Fries,$3.99,220 cal,"6337 Crawfordsville Rd, Speedway, IN, 46224, US",6337 CRAWFORDSVILLE RD
12 Pc. Mozzarella Fries,$4.99,730 cal,"6337 Crawfordsville Rd, Speedway, IN, 46224, US",6337 CRAWFORDSVILLE RD
8 Pc. Mozzarella Fries,$3.99,480 cal,"6337 Crawfordsville Rd, Speedway, IN, 46224, US",6337 CRAWFORDSVILLE RD
4 Pc. Mozzarella Fries,$2.19,240 cal,"6337 Crawfordsville Rd, Speedway, IN, 46224, US",6337 CRAWFORDSVILLE RD
4 Pc. Chicken Fries,$2.19,110 cal,"6337 Crawfordsville Rd, Speedway, IN, 46224, US",6337 CRAWFORDSVILLE RD
16 Pc. Chicken Nuggets,$4.98,770 cal,"6337 Crawfordsville Rd, Speedway, IN, 46224, US",6337 CRAWFORDSVILLE RD
8 Pc. Chicken Nuggets,$2.49,390 cal,"6337 Crawfordsville Rd, Speedway, IN, 46224, US",6337 CRAWFORDSVILLE RD
4 Pc. Chicken Nuggets,$1.39,190 cal,"6337 Crawfordsville Rd, Speedway, IN, 46224, US",6337 CRAWFORDSVILLE RD
MOTTS Applesauce,$1.49,50 cal,"6337 Crawfordsville Rd, Speedway, IN, 46224, US",6337 CRAWFORDSVILLE RD
Classic Melt,$4.99,600 cal,"1524 6th Avenue S, Birmingham, AL, 35233, US",1524 6th Ave South
Bacon Melt,$5.49,650 cal,"1524 6th Avenue S, Birmingham, AL, 35233, US",1524 6th Ave South
Philly Melt,$5.49,590 cal,"1524 6th Avenue S, Birmingham, AL, 35233, US",1524 6th Ave South
Whopper,$5.89,670 cal,"1524 6th Avenue S, Birmingham, AL, 35233, US",1524 6th Ave South
Impossible™ Whopper,$6.89,630 cal,"1524 6th Avenue S, Birmingham, AL, 35233, US",1524 6th Ave South
Texas Double Whopper,$7.69,"1,090 cal","1524 6th Avenue S, Birmingham, AL, 35233, US",1524 6th Ave South
Double Whopper,$6.99,920 cal,"1524 6th Avenue S, Birmingham, AL, 35233, US",1524 6th Ave South
Triple Whopper,$7.99,"1,170 cal","1524 6th Avenue S, Birmingham, AL, 35233, US",1524 6th Ave South
Bacon King,$7.59,"1,200 cal","1524 6th Avenue S, Birmingham, AL, 35233, US",1524 6th Ave South
BBQ Bacon Whopper Jr.,$3.49,390 cal,"1524 6th Avenue S, Birmingham, AL, 35233, US",1524 6th Ave South
Whopper Jr.,$2.99,330 cal,"1524 6th Avenue S, Birmingham, AL, 35233, US",1524 6th Ave South
Bacon Double Cheeseburger,$3.49,440 cal,"1524 6th Avenue S, Birmingham, AL, 35233, US",1524 6th Ave South
Bacon Cheeseburger,$2.69,340 cal,"1524 6th Avenue S, Birmingham, AL, 35233, US",1524 6th Ave South
Double Cheeseburger,$2.89,400 cal,"1524 6th Avenue S, Birmingham, AL, 35233, US",1524 6th Ave South
Cheeseburger,$2.29,290 cal,"1524 6th Avenue S, Birmingham, AL, 35233, US",1524 6th Ave South
Rodeo Burger,$2.19,340 cal,"1524 6th Avenue S, Birmingham, AL, 35233, US",1524 6th Ave South
Hamburger,$1.89,250 cal,"1524 6th Avenue S, Birmingham, AL, 35233, US",1524 6th Ave South
Have-sies™,$2.99,380 cal,"1524 6th Avenue S, Birmingham, AL, 35233, US",1524 6th Ave South
French Fries,$2.99,370 cal,"1524 6th Avenue S, Birmingham, AL, 35233, US",1524 6th Ave South
Onion Rings,$2.99,360 cal,"1524 6th Avenue S, Birmingham, AL, 35233, US",1524 6th Ave South
12 Pc. Chicken Fries,$4.99,340 cal,"1524 6th Avenue S, Birmingham, AL, 35233, US",1524 6th Ave South
8 Pc. Chicken Fries,$3.99,220 cal,"1524 6th Avenue S, Birmingham, AL, 35233, US",1524 6th Ave South
12 Pc. Mozzarella Fries,$4.99,730 cal,"1524 6th Avenue S, Birmingham, AL, 35233, US",1524 6th Ave South
8 Pc. Mozzarella Fries,$3.79,480 cal,"1524 6th Avenue S, Birmingham, AL, 35233, US",1524 6th Ave South
4 Pc. Mozzarella Fries,$1.99,240 cal,"1524 6th Avenue S, Birmingham, AL, 35233, US",1524 6th Ave South
8 Pc. Fiery Buffalo Nuggets,$2.99,510 cal,"1524 6th Avenue S, Birmingham, AL, 35233, US",1524 6th Ave South
4 Pc. Chicken Fries,$1.99,110 cal,"1524 6th Avenue S, Birmingham, AL, 35233, US",1524 6th Ave South
16 Pc. Chicken Nuggets,$3.99,770 cal,"1524 6th Avenue S, Birmingham, AL, 35233, US",1524 6th Ave South
8 Pc. Chicken Nuggets,$2.49,390 cal,"1524 6th Avenue S, Birmingham, AL, 35233, US",1524 6th Ave South
4 Pc. Chicken Nuggets,$1.59,190 cal,"1524 6th Avenue S, Birmingham, AL, 35233, US",1524 6th Ave South
MOTTS Applesauce,$1.59,50 cal,"1524 6th Avenue S, Birmingham, AL, 35233, US",1524 6th Ave South
Classic Melt,$4.99,600 cal,"308 Jordan Lane, Huntsville, AL, 35805, US",308 Jordan Lane
Bacon Melt,$5.69,650 cal,"308 Jordan Lane, Huntsville, AL, 35805, US",308 Jordan Lane
Philly Melt,$5.69,590 cal,"308 Jordan Lane, Huntsville, AL, 35805, US",308 Jordan Lane
Whopper,$5.89,670 cal,"308 Jordan Lane, Huntsville, AL, 35805, US",308 Jordan Lane
Impossible™ Whopper,$6.89,630 cal,"308 Jordan Lane, Huntsville, AL, 35805, US",308 Jordan Lane
Texas Double Whopper,$7.59,"1,090 cal","308 Jordan Lane, Huntsville, AL, 35805, US",308 Jordan Lane
Double Whopper,$7.19,920 cal,"308 Jordan Lane, Huntsville, AL, 35805, US",308 Jordan Lane
Triple Whopper,$8.19,"1,170 cal","308 Jordan Lane, Huntsville, AL, 35805, US",308 Jordan Lane
Bacon King,$7.59,"1,200 cal","308 Jordan Lane, Huntsville, AL, 35805, US",308 Jordan Lane
BBQ Bacon Whopper Jr.,$3.49,390 cal,"308 Jordan Lane, Huntsville, AL, 35805, US",308 Jordan Lane
Whopper Jr.,$3.09,330 cal,"308 Jordan Lane, Huntsville, AL, 35805, US",308 Jordan Lane
Bacon Double Cheeseburger,$3.39,440 cal,"308 Jordan Lane, Huntsville, AL, 35805, US",308 Jordan Lane
Bacon Cheeseburger,$2.69,340 cal,"308 Jordan Lane, Huntsville, AL, 35805, US",308 Jordan Lane
Double Cheeseburger,$2.79,400 cal,"308 Jordan Lane, Huntsville, AL, 35805, US",308 Jordan Lane
Cheeseburger,$2.29,290 cal,"308 Jordan Lane, Huntsville, AL, 35805, US",308 Jordan Lane
Rodeo Burger,$2.29,340 cal,"308 Jordan Lane, Huntsville, AL, 35805, US",308 Jordan Lane
Hamburger,$1.89,250 cal,"308 Jordan Lane, Huntsville, AL, 35805, US",308 Jordan Lane
Have-sies™,$2.99,380 cal,"308 Jordan Lane, Huntsville, AL, 35805, US",308 Jordan Lane
French Fries,$2.89,370 cal,"308 Jordan Lane, Huntsville, AL, 35805, US",308 Jordan Lane
Onion Rings,$2.89,360 cal,"308 Jordan Lane, Huntsville, AL, 35805, US",308 Jordan Lane
12 Pc. Chicken Fries,$4.99,340 cal,"308 Jordan Lane, Huntsville, AL, 35805, US",308 Jordan Lane
8 Pc. Chicken Fries,$3.99,220 cal,"308 Jordan Lane, Huntsville, AL, 35805, US",308 Jordan Lane
12 Pc. Mozzarella Fries,$5.49,730 cal,"308 Jordan Lane, Huntsville, AL, 35805, US",308 Jordan Lane
8 Pc. Mozzarella Fries,$3.99,480 cal,"308 Jordan Lane, Huntsville, AL, 35805, US",308 Jordan Lane
4 Pc. Mozzarella Fries,$1.99,240 cal,"308 Jordan Lane, Huntsville, AL, 35805, US",308 Jordan Lane
8 Pc. Fiery Buffalo Nuggets,$2.99,510 cal,"308 Jordan Lane, Huntsville, AL, 35805, US",308 Jordan Lane
4 Pc. Chicken Fries,$1.99,110 cal,"308 Jordan Lane, Huntsville, AL, 35805, US",308 Jordan Lane
16 Pc. Chicken Nuggets,$3.99,770 cal,"308 Jordan Lane, Huntsville, AL, 35805, US",308 Jordan Lane
8 Pc. Chicken Nuggets,$2.49,390 cal,"308 Jordan Lane, Huntsville, AL, 35805, US",308 Jordan Lane
4 Pc. Chicken Nuggets,$1.59,190 cal,"308 Jordan Lane, Huntsville, AL, 35805, US",308 Jordan Lane
MOTTS Applesauce,$1.49,50 cal,"308 Jordan Lane, Huntsville, AL, 35805, US",308 Jordan Lane
Classic Melt,$4.99,600 cal,"6971 West 38th Street, Indianapolis, IN, 46214, US",6971 WEST 38TH STREE
Bacon Melt,$5.49,650 cal,"6971 West 38th Street, Indianapolis, IN, 46214, US",6971 WEST 38TH STREE
Philly Melt,$5.49,590 cal,"6971 West 38th Street, Indianapolis, IN, 46214, US",6971 WEST 38TH STREE
Whopper,$5.89,670 cal,"6971 West 38th Street, Indianapolis, IN, 46214, US",6971 WEST 38TH STREE
Impossible™ Whopper,$7.09,630 cal,"6971 West 38th Street, Indianapolis, IN, 46214, US",6971 WEST 38TH STREE
Double Whopper,$6.99,920 cal,"6971 West 38th Street, Indianapolis, IN, 46214, US",6971 WEST 38TH STREE
Triple Whopper,$7.99,"1,170 cal","6971 West 38th Street, Indianapolis, IN, 46214, US",6971 WEST 38TH STREE
Bacon King,$7.79,"1,200 cal","6971 West 38th Street, Indianapolis, IN, 46214, US",6971 WEST 38TH STREE
BBQ Bacon Whopper Jr.,$4.69,390 cal,"6971 West 38th Street, Indianapolis, IN, 46214, US",6971 WEST 38TH STREE
Whopper Jr.,$4.19,330 cal,"6971 West 38th Street, Indianapolis, IN, 46214, US",6971 WEST 38TH STREE
Bacon Double Cheeseburger,$3.99,440 cal,"6971 West 38th Street, Indianapolis, IN, 46214, US",6971 WEST 38TH STREE
Bacon Cheeseburger,$2.69,340 cal,"6971 West 38th Street, Indianapolis, IN, 46214, US",6971 WEST 38TH STREE
Double Cheeseburger,$2.99,400 cal,"6971 West 38th Street, Indianapolis, IN, 46214, US",6971 WEST 38TH STREE
Cheeseburger,$1.99,290 cal,"6971 West 38th Street, Indianapolis, IN, 46214, US",6971 WEST 38TH STREE
Rodeo Burger,$1.99,340 cal,"6971 West 38th Street, Indianapolis, IN, 46214, US",6971 WEST 38TH STREE
Hamburger,$1.79,250 cal,"6971 West 38th Street, Indianapolis, IN, 46214, US",6971 WEST 38TH STREE
Have-sies™,$2.99,380 cal,"6971 West 38th Street, Indianapolis, IN, 46214, US",6971 WEST 38TH STREE
French Fries,$2.99,370 cal,"6971 West 38th Street, Indianapolis, IN, 46214, US",6971 WEST 38TH STREE
Onion Rings,$2.99,360 cal,"6971 West 38th Street, Indianapolis, IN, 46214, US",6971 WEST 38TH STREE
12 Pc. Chicken Fries,$4.99,340 cal,"6971 West 38th Street, Indianapolis, IN, 46214, US",6971 WEST 38TH STREE
8 Pc. Chicken Fries,$3.99,220 cal,"6971 West 38th Street, Indianapolis, IN, 46214, US",6971 WEST 38TH STREE
12 Pc. Mozzarella Fries,$4.99,730 cal,"6971 West 38th Street, Indianapolis, IN, 46214, US",6971 WEST 38TH STREE
8 Pc. Mozzarella Fries,$3.99,480 cal,"6971 West 38th Street, Indianapolis, IN, 46214, US",6971 WEST 38TH STREE
4 Pc. Mozzarella Fries,$2.19,240 cal,"6971 West 38th Street, Indianapolis, IN, 46214, US",6971 WEST 38TH STREE
4 Pc. Chicken Fries,$2.19,110 cal,"6971 West 38th Street, Indianapolis, IN, 46214, US",6971 WEST 38TH STREE
16 Pc. Chicken Nuggets,$4.98,770 cal,"6971 West 38th Street, Indianapolis, IN, 46214, US",6971 WEST 38TH STREE
8 Pc. Chicken Nuggets,$2.49,390 cal,"6971 West 38th Street, Indianapolis, IN, 46214, US",6971 WEST 38TH STREE
4 Pc. Chicken Nuggets,$1.39,190 cal,"6971 West 38th Street, Indianapolis, IN, 46214, US",6971 WEST 38TH STREE
MOTTS Applesauce,$1.49,50 cal,"6971 West 38th Street, Indianapolis, IN, 46214, US",6971 WEST 38TH STREE
Classic Melt,$4.99,600 cal,"2605 Jacksboro Hwy, River Oaks, TX, 76114, US",2605 Jacksboro Hwy
Bacon Melt,$4.99,650 cal,"2605 Jacksboro Hwy, River Oaks, TX, 76114, US",2605 Jacksboro Hwy
Philly Melt,$4.99,590 cal,"2605 Jacksboro Hwy, River Oaks, TX, 76114, US",2605 Jacksboro Hwy
Whopper,$6.19,670 cal,"2605 Jacksboro Hwy, River Oaks, TX, 76114, US",2605 Jacksboro Hwy
Impossible™ Whopper,$6.99,630 cal,"2605 Jacksboro Hwy, River Oaks, TX, 76114, US",2605 Jacksboro Hwy
Texas Double Whopper,$8.99,"1,090 cal","2605 Jacksboro Hwy, River Oaks, TX, 76114, US",2605 Jacksboro Hwy
Double Whopper,$8.69,920 cal,"2605 Jacksboro Hwy, River Oaks, TX, 76114, US",2605 Jacksboro Hwy
Triple Whopper,$11.19,"1,170 cal","2605 Jacksboro Hwy, River Oaks, TX, 76114, US",2605 Jacksboro Hwy
Bacon King,$8.99,"1,200 cal","2605 Jacksboro Hwy, River Oaks, TX, 76114, US",2605 Jacksboro Hwy
BBQ Bacon Whopper Jr.,$3.89,390 cal,"2605 Jacksboro Hwy, River Oaks, TX, 76114, US",2605 Jacksboro Hwy
Whopper Jr.,$2.99,330 cal,"2605 Jacksboro Hwy, River Oaks, TX, 76114, US",2605 Jacksboro Hwy
Bacon Double Cheeseburger,$3.79,440 cal,"2605 Jacksboro Hwy, River Oaks, TX, 76114, US",2605 Jacksboro Hwy
Bacon Cheeseburger,$2.49,340 cal,"2605 Jacksboro Hwy, River Oaks, TX, 76114, US",2605 Jacksboro Hwy
Double Cheeseburger,$2.99,400 cal,"2605 Jacksboro Hwy, River Oaks, TX, 76114, US",2605 Jacksboro Hwy
Cheeseburger,$1.89,290 cal,"2605 Jacksboro Hwy, River Oaks, TX, 76114, US",2605 Jacksboro Hwy
Rodeo Burger,$1.99,340 cal,"2605 Jacksboro Hwy, River Oaks, TX, 76114, US",2605 Jacksboro Hwy
Hamburger,$1.69,250 cal,"2605 Jacksboro Hwy, River Oaks, TX, 76114, US",2605 Jacksboro Hwy
Have-sies™,$2.79,380 cal,"2605 Jacksboro Hwy, River Oaks, TX, 76114, US",2605 Jacksboro Hwy
French Fries,$2.79,370 cal,"2605 Jacksboro Hwy, River Oaks, TX, 76114, US",2605 Jacksboro Hwy
Onion Rings,$2.79,360 cal,"2605 Jacksboro Hwy, River Oaks, TX, 76114, US",2605 Jacksboro Hwy
12 Pc. Chicken Fries,$4.99,340 cal,"2605 Jacksboro Hwy, River Oaks, TX, 76114, US",2605 Jacksboro Hwy
8 Pc. Chicken Fries,$3.99,220 cal,"2605 Jacksboro Hwy, River Oaks, TX, 76114, US",2605 Jacksboro Hwy
12 Pc. Mozzarella Fries,$4.99,730 cal,"2605 Jacksboro Hwy, River Oaks, TX, 76114, US",2605 Jacksboro Hwy
8 Pc. Mozzarella Fries,$3.79,480 cal,"2605 Jacksboro Hwy, River Oaks, TX, 76114, US",2605 Jacksboro Hwy
4 Pc. Mozzarella Fries,$1.99,240 cal,"2605 Jacksboro Hwy, River Oaks, TX, 76114, US",2605 Jacksboro Hwy
8 Pc. Fiery Buffalo Nuggets,$2.99,510 cal,"2605 Jacksboro Hwy, River Oaks, TX, 76114, US",2605 Jacksboro Hwy
4 Pc. Chicken Fries,$1.99,110 cal,"2605 Jacksboro Hwy, River Oaks, TX, 76114, US",2605 Jacksboro Hwy
16 Pc. Chicken Nuggets,$4.69,770 cal,"2605 Jacksboro Hwy, River Oaks, TX, 76114, US",2605 Jacksboro Hwy
8 Pc. Chicken Nuggets,$2.49,390 cal,"2605 Jacksboro Hwy, River Oaks, TX, 76114, US",2605 Jacksboro Hwy
4 Pc. Chicken Nuggets,$1.39,190 cal,"2605 Jacksboro Hwy, River Oaks, TX, 76114, US",2605 Jacksboro Hwy
MOTTS Applesauce,$1.59,50 cal,"2605 Jacksboro Hwy, River Oaks, TX, 76114, US",2605 Jacksboro Hwy
Classic Melt,$4.99,600 cal,"2700 University Blvd, Birmingham, AL, 35233, US",2700 University Blvd
Bacon Melt,$5.49,650 cal,"2700 University Blvd, Birmingham, AL, 35233, US",2700 University Blvd
Philly Melt,$5.49,590 cal,"2700 University Blvd, Birmingham, AL, 35233, US",2700 University Blvd
Whopper,$5.89,670 cal,"2700 University Blvd, Birmingham, AL, 35233, US",2700 University Blvd
Impossible™ Whopper,$6.89,630 cal,"2700 University Blvd, Birmingham, AL, 35233, US",2700 University Blvd
Texas Double Whopper,$7.69,"1,090 cal","2700 University Blvd, Birmingham, AL, 35233, US",2700 University Blvd
Double Whopper,$6.99,920 cal,"2700 University Blvd, Birmingham, AL, 35233, US",2700 University Blvd
Triple Whopper,$7.99,"1,170 cal","2700 University Blvd, Birmingham, AL, 35233, US",2700 University Blvd
Bacon King,$7.59,"1,200 cal","2700 University Blvd, Birmingham, AL, 35233, US",2700 University Blvd
BBQ Bacon Whopper Jr.,$3.49,390 cal,"2700 University Blvd, Birmingham, AL, 35233, US",2700 University Blvd
Whopper Jr.,$2.99,330 cal,"2700 University Blvd, Birmingham, AL, 35233, US",2700 University Blvd
Bacon Double Cheeseburger,$3.49,440 cal,"2700 University Blvd, Birmingham, AL, 35233, US",2700 University Blvd
Bacon Cheeseburger,$2.69,340 cal,"2700 University Blvd, Birmingham, AL, 35233, US",2700 University Blvd
Double Cheeseburger,$2.89,400 cal,"2700 University Blvd, Birmingham, AL, 35233, US",2700 University Blvd
Cheeseburger,$2.29,290 cal,"2700 University Blvd, Birmingham, AL, 35233, US",2700 University Blvd
Rodeo Burger,$2.19,340 cal,"2700 University Blvd, Birmingham, AL, 35233, US",2700 University Blvd
Hamburger,$1.89,250 cal,"2700 University Blvd, Birmingham, AL, 35233, US",2700 University Blvd
Have-sies™,$2.99,380 cal,"2700 University Blvd, Birmingham, AL, 35233, US",2700 University Blvd
French Fries,$2.99,370 cal,"2700 University Blvd, Birmingham, AL, 35233, US",2700 University Blvd
Onion Rings,$2.99,360 cal,"2700 University Blvd, Birmingham, AL, 35233, US",2700 University Blvd
12 Pc. Chicken Fries,$4.99,340 cal,"2700 University Blvd, Birmingham, AL, 35233, US",2700 University Blvd
8 Pc. Chicken Fries,$3.99,220 cal,"2700 University Blvd, Birmingham, AL, 35233, US",2700 University Blvd
12 Pc. Mozzarella Fries,$4.99,730 cal,"2700 University Blvd, Birmingham, AL, 35233, US",2700 University Blvd
8 Pc. Mozzarella Fries,$3.79,480 cal,"2700 University Blvd, Birmingham, AL, 35233, US",2700 University Blvd
4 Pc. Mozzarella Fries,$1.99,240 cal,"2700 University Blvd, Birmingham, AL, 35233, US",2700 University Blvd
8 Pc. Fiery Buffalo Nuggets,$2.99,510 cal,"2700 University Blvd, Birmingham, AL, 35233, US",2700 University Blvd
4 Pc. Chicken Fries,$1.99,110 cal,"2700 University Blvd, Birmingham, AL, 35233, US",2700 University Blvd
16 Pc. Chicken Nuggets,$3.99,770 cal,"2700 University Blvd, Birmingham, AL, 35233, US",2700 University Blvd
8 Pc. Chicken Nuggets,$2.49,390 cal,"2700 University Blvd, Birmingham, AL, 35233, US",2700 University Blvd
4 Pc. Chicken Nuggets,$1.59,190 cal,"2700 University Blvd, Birmingham, AL, 35233, US",2700 University Blvd
MOTTS Applesauce,$1.59,50 cal,"2700 University Blvd, Birmingham, AL, 35233, US",2700 University Blvd
Classic Melt,$4.99,600 cal,"1330 Poplar Avenue, Memphis, TN, 38104, US",5701 Christie Avenue
Bacon Melt,$5.49,650 cal,"1330 Poplar Avenue, Memphis, TN, 38104, US",5701 Christie Avenue
Philly Melt,$5.49,590 cal,"1330 Poplar Avenue, Memphis, TN, 38104, US",5701 Christie Avenue
Whopper,$8.09,670 cal,"1330 Poplar Avenue, Memphis, TN, 38104, US",5701 Christie Avenue
Impossible™ Whopper,$8.59,630 cal,"1330 Poplar Avenue, Memphis, TN, 38104, US",5701 Christie Avenue
Texas Double Whopper,$10.49,"1,090 cal","1330 Poplar Avenue, Memphis, TN, 38104, US",5701 Christie Avenue
Double Whopper,$9.09,920 cal,"1330 Poplar Avenue, Memphis, TN, 38104, US",5701 Christie Avenue
Triple Whopper,$10.09,"1,170 cal","1330 Poplar Avenue, Memphis, TN, 38104, US",5701 Christie Avenue
Bacon King,$10.99,"1,200 cal","1330 Poplar Avenue, Memphis, TN, 38104, US",5701 Christie Avenue
BBQ Bacon Whopper Jr.,$6.39,390 cal,"1330 Poplar Avenue, Memphis, TN, 38104, US",5701 Christie Avenue
Whopper Jr.,$4.79,330 cal,"1330 Poplar Avenue, Memphis, TN, 38104, US",5701 Christie Avenue
Bacon Double Cheeseburger,$5.19,440 cal,"1330 Poplar Avenue, Memphis, TN, 38104, US",5701 Christie Avenue
Bacon Cheeseburger,$3.59,340 cal,"1330 Poplar Avenue, Memphis, TN, 38104, US",5701 Christie Avenue
Double Cheeseburger,$3.79,400 cal,"1330 Poplar Avenue, Memphis, TN, 38104, US",5701 Christie Avenue
Cheeseburger,$3.29,290 cal,"1330 Poplar Avenue, Memphis, TN, 38104, US",5701 Christie Avenue
Rodeo Burger,$3.29,340 cal,"1330 Poplar Avenue, Memphis, TN, 38104, US",5701 Christie Avenue
Hamburger,$3.49,250 cal,"1330 Poplar Avenue, Memphis, TN, 38104, US",5701 Christie Avenue
Have-sies™,$4.39,380 cal,"1330 Poplar Avenue, Memphis, TN, 38104, US",5701 Christie Avenue
French Fries,$4.09,370 cal,"1330 Poplar Avenue, Memphis, TN, 38104, US",5701 Christie Avenue
Onion Rings,$4.09,360 cal,"1330 Poplar Avenue, Memphis, TN, 38104, US",5701 Christie Avenue
12 Pc. Chicken Fries,$5.79,340 cal,"1330 Poplar Avenue, Memphis, TN, 38104, US",5701 Christie Avenue
8 Pc. Chicken Fries,$4.99,220 cal,"1330 Poplar Avenue, Memphis, TN, 38104, US",5701 Christie Avenue
12 Pc. Mozzarella Fries,$5.79,730 cal,"1330 Poplar Avenue, Memphis, TN, 38104, US",5701 Christie Avenue
8 Pc. Mozzarella Fries,$4.99,480 cal,"1330 Poplar Avenue, Memphis, TN, 38104, US",5701 Christie Avenue
4 Pc. Mozzarella Fries,$4.09,240 cal,"1330 Poplar Avenue, Memphis, TN, 38104, US",5701 Christie Avenue
8 Pc. Fiery Buffalo Nuggets,$2.99,510 cal,"1330 Poplar Avenue, Memphis, TN, 38104, US",5701 Christie Avenue
4 Pc. Chicken Fries,$4.09,110 cal,"1330 Poplar Avenue, Memphis, TN, 38104, US",5701 Christie Avenue
16 Pc. Chicken Nuggets,$5.99,770 cal,"1330 Poplar Avenue, Memphis, TN, 38104, US",5701 Christie Avenue
8 Pc. Chicken Nuggets,$2.99,390 cal,"1330 Poplar Avenue, Memphis, TN, 38104, US",5701 Christie Avenue
4 Pc. Chicken Nuggets,$1.99,190 cal,"1330 Poplar Avenue, Memphis, TN, 38104, US",5701 Christie Avenue
MOTTS Applesauce,$1.49,50 cal,"1330 Poplar Avenue, Memphis, TN, 38104, US",5701 Christie Avenue
Crispy Tacos,$1.49,170 cal,"1330 Poplar Avenue, Memphis, TN, 38104, US",5701 Christie Avenue
Classic Melt,$4.99,600 cal,"3875 Airport Boulevard, Mobile, AL, 36609, US",3875 Airport Blvd.
Bacon Melt,$5.49,650 cal,"3875 Airport Boulevard, Mobile, AL, 36609, US",3875 Airport Blvd.
Philly Melt,$5.49,590 cal,"3875 Airport Boulevard, Mobile, AL, 36609, US",3875 Airport Blvd.
Whopper,$5.39,670 cal,"3875 Airport Boulevard, Mobile, AL, 36609, US",3875 Airport Blvd.
Impossible™ Whopper,$6.39,630 cal,"3875 Airport Boulevard, Mobile, AL, 36609, US",3875 Airport Blvd.
Texas Double Whopper,$7.39,"1,090 cal","3875 Airport Boulevard, Mobile, AL, 36609, US",3875 Airport Blvd.
Double Whopper,$6.89,920 cal,"3875 Airport Boulevard, Mobile, AL, 36609, US",3875 Airport Blvd.
Triple Whopper,$8.59,"1,170 cal","3875 Airport Boulevard, Mobile, AL, 36609, US",3875 Airport Blvd.
Bacon King,$7.59,"1,200 cal","3875 Airport Boulevard, Mobile, AL, 36609, US",3875 Airport Blvd.
BBQ Bacon Whopper Jr.,$4.19,390 cal,"3875 Airport Boulevard, Mobile, AL, 36609, US",3875 Airport Blvd.
Whopper Jr.,$3.19,330 cal,"3875 Airport Boulevard, Mobile, AL, 36609, US",3875 Airport Blvd.
Bacon Double Cheeseburger,$3.99,440 cal,"3875 Airport Boulevard, Mobile, AL, 36609, US",3875 Airport Blvd.
Bacon Cheeseburger,$2.99,340 cal,"3875 Airport Boulevard, Mobile, AL, 36609, US",3875 Airport Blvd.
Double Cheeseburger,$2.99,400 cal,"3875 Airport Boulevard, Mobile, AL, 36609, US",3875 Airport Blvd.
Cheeseburger,$2.29,290 cal,"3875 Airport Boulevard, Mobile, AL, 36609, US",3875 Airport Blvd.
Rodeo Burger,$2.29,340 cal,"3875 Airport Boulevard, Mobile, AL, 36609, US",3875 Airport Blvd.
Hamburger,$1.99,250 cal,"3875 Airport Boulevard, Mobile, AL, 36609, US",3875 Airport Blvd.
Have-sies™,$2.79,380 cal,"3875 Airport Boulevard, Mobile, AL, 36609, US",3875 Airport Blvd.
French Fries,$2.79,370 cal,"3875 Airport Boulevard, Mobile, AL, 36609, US",3875 Airport Blvd.
Onion Rings,$2.79,360 cal,"3875 Airport Boulevard, Mobile, AL, 36609, US",3875 Airport Blvd.
12 Pc. Chicken Fries,$4.99,340 cal,"3875 Airport Boulevard, Mobile, AL, 36609, US",3875 Airport Blvd.
8 Pc. Chicken Fries,$3.99,220 cal,"3875 Airport Boulevard, Mobile, AL, 36609, US",3875 Airport Blvd.
12 Pc. Mozzarella Fries,$4.99,730 cal,"3875 Airport Boulevard, Mobile, AL, 36609, US",3875 Airport Blvd.
8 Pc. Mozzarella Fries,$3.79,480 cal,"3875 Airport Boulevard, Mobile, AL, 36609, US",3875 Airport Blvd.
4 Pc. Mozzarella Fries,$1.99,240 cal,"3875 Airport Boulevard, Mobile, AL, 36609, US",3875 Airport Blvd.
8 Pc. Fiery Buffalo Nuggets,$2.99,510 cal,"3875 Airport Boulevard, Mobile, AL, 36609, US",3875 Airport Blvd.
4 Pc. Chicken Fries,$1.99,110 cal,"3875 Airport Boulevard, Mobile, AL, 36609, US",3875 Airport Blvd.
16 Pc. Chicken Nuggets,$3.99,770 cal,"3875 Airport Boulevard, Mobile, AL, 36609, US",3875 Airport Blvd.
8 Pc. Chicken Nuggets,$2.49,390 cal,"3875 Airport Boulevard, Mobile, AL, 36609, US",3875 Airport Blvd.
4 Pc. Chicken Nuggets,$1.79,190 cal,"3875 Airport Boulevard, Mobile, AL, 36609, US",3875 Airport Blvd.
MOTTS Applesauce,$1.69,50 cal,"3875 Airport Boulevard, Mobile, AL, 36609, US",3875 Airport Blvd.
Classic Melt,$4.99,600 cal,"2773 Evans Mill Rd, Lithonia, GA, 30058, US",2773 Evans Mill Rd
Bacon Melt,$5.49,650 cal,"2773 Evans Mill Rd, Lithonia, GA, 30058, US",2773 Evans Mill Rd
Philly Melt,$5.49,590 cal,"2773 Evans Mill Rd, Lithonia, GA, 30058, US",2773 Evans Mill Rd
Whopper,$5.49,670 cal,"2773 Evans Mill Rd, Lithonia, GA, 30058, US",2773 Evans Mill Rd
Impossible™ Whopper,$6.49,630 cal,"2773 Evans Mill Rd, Lithonia, GA, 30058, US",2773 Evans Mill Rd
Texas Double Whopper,$7.49,"1,090 cal","2773 Evans Mill Rd, Lithonia, GA, 30058, US",2773 Evans Mill Rd
Double Whopper,$6.99,920 cal,"2773 Evans Mill Rd, Lithonia, GA, 30058, US",2773 Evans Mill Rd
Triple Whopper,$8.79,"1,170 cal","2773 Evans Mill Rd, Lithonia, GA, 30058, US",2773 Evans Mill Rd
Bacon King,$7.69,"1,200 cal","2773 Evans Mill Rd, Lithonia, GA, 30058, US",2773 Evans Mill Rd
BBQ Bacon Whopper Jr.,$4.19,390 cal,"2773 Evans Mill Rd, Lithonia, GA, 30058, US",2773 Evans Mill Rd
Whopper Jr.,$3.19,330 cal,"2773 Evans Mill Rd, Lithonia, GA, 30058, US",2773 Evans Mill Rd
Bacon Double Cheeseburger,$3.99,440 cal,"2773 Evans Mill Rd, Lithonia, GA, 30058, US",2773 Evans Mill Rd
Bacon Cheeseburger,$2.99,340 cal,"2773 Evans Mill Rd, Lithonia, GA, 30058, US",2773 Evans Mill Rd
Double Cheeseburger,$2.99,400 cal,"2773 Evans Mill Rd, Lithonia, GA, 30058, US",2773 Evans Mill Rd
Cheeseburger,$2.29,290 cal,"2773 Evans Mill Rd, Lithonia, GA, 30058, US",2773 Evans Mill Rd
Rodeo Burger,$2.29,340 cal,"2773 Evans Mill Rd, Lithonia, GA, 30058, US",2773 Evans Mill Rd
Hamburger,$1.99,250 cal,"2773 Evans Mill Rd, Lithonia, GA, 30058, US",2773 Evans Mill Rd
Have-sies™,$2.79,380 cal,"2773 Evans Mill Rd, Lithonia, GA, 30058, US",2773 Evans Mill Rd
French Fries,$2.79,370 cal,"2773 Evans Mill Rd, Lithonia, GA, 30058, US",2773 Evans Mill Rd
Onion Rings,$2.79,360 cal,"2773 Evans Mill Rd, Lithonia, GA, 30058, US",2773 Evans Mill Rd
12 Pc. Chicken Fries,$4.99,340 cal,"2773 Evans Mill Rd, Lithonia, GA, 30058, US",2773 Evans Mill Rd
8 Pc. Chicken Fries,$3.99,220 cal,"2773 Evans Mill Rd, Lithonia, GA, 30058, US",2773 Evans Mill Rd
12 Pc. Mozzarella Fries,$4.99,730 cal,"2773 Evans Mill Rd, Lithonia, GA, 30058, US",2773 Evans Mill Rd
8 Pc. Mozzarella Fries,$3.79,480 cal,"2773 Evans Mill Rd, Lithonia, GA, 30058, US",2773 Evans Mill Rd
4 Pc. Mozzarella Fries,$1.99,240 cal,"2773 Evans Mill Rd, Lithonia, GA, 30058, US",2773 Evans Mill Rd
4 Pc. Chicken Fries,$1.99,110 cal,"2773 Evans Mill Rd, Lithonia, GA, 30058, US",2773 Evans Mill Rd
16 Pc. Chicken Nuggets,$3.99,770 cal,"2773 Evans Mill Rd, Lithonia, GA, 30058, US",2773 Evans Mill Rd
8 Pc. Chicken Nuggets,$2.49,390 cal,"2773 Evans Mill Rd, Lithonia, GA, 30058, US",2773 Evans Mill Rd
4 Pc. Chicken Nuggets,$1.79,190 cal,"2773 Evans Mill Rd, Lithonia, GA, 30058, US",2773 Evans Mill Rd
MOTTS Applesauce,$1.69,50 cal,"2773 Evans Mill Rd, Lithonia, GA, 30058, US",2773 Evans Mill Rd
Classic Melt,$4.99,600 cal,"1004 North Memorial Parkway, Huntsville, AL, 35801, US",1004 North Memorial Parkway
Bacon Melt,$5.69,650 cal,"1004 North Memorial Parkway, Huntsville, AL, 35801, US",1004 North Memorial Parkway
Philly Melt,$5.69,590 cal,"1004 North Memorial Parkway, Huntsville, AL, 35801, US",1004 North Memorial Parkway
Whopper,$5.89,670 cal,"1004 North Memorial Parkway, Huntsville, AL, 35801, US",1004 North Memorial Parkway
Impossible™ Whopper,$6.89,630 cal,"1004 North Memorial Parkway, Huntsville, AL, 35801, US",1004 North Memorial Parkway
Texas Double Whopper,$7.59,"1,090 cal","1004 North Memorial Parkway, Huntsville, AL, 35801, US",1004 North Memorial Parkway
Double Whopper,$7.19,920 cal,"1004 North Memorial Parkway, Huntsville, AL, 35801, US",1004 North Memorial Parkway
Triple Whopper,$8.19,"1,170 cal","1004 North Memorial Parkway, Huntsville, AL, 35801, US",1004 North Memorial Parkway
Bacon King,$7.59,"1,200 cal","1004 North Memorial Parkway, Huntsville, AL, 35801, US",1004 North Memorial Parkway
BBQ Bacon Whopper Jr.,$3.49,390 cal,"1004 North Memorial Parkway, Huntsville, AL, 35801, US",1004 North Memorial Parkway
Whopper Jr.,$3.09,330 cal,"1004 North Memorial Parkway, Huntsville, AL, 35801, US",1004 North Memorial Parkway
Bacon Double Cheeseburger,$3.39,440 cal,"1004 North Memorial Parkway, Huntsville, AL, 35801, US",1004 North Memorial Parkway
Bacon Cheeseburger,$2.69,340 cal,"1004 North Memorial Parkway, Huntsville, AL, 35801, US",1004 North Memorial Parkway
Double Cheeseburger,$2.79,400 cal,"1004 North Memorial Parkway, Huntsville, AL, 35801, US",1004 North Memorial Parkway
Cheeseburger,$2.29,290 cal,"1004 North Memorial Parkway, Huntsville, AL, 35801, US",1004 North Memorial Parkway
Rodeo Burger,$2.29,340 cal,"1004 North Memorial Parkway, Huntsville, AL, 35801, US",1004 North Memorial Parkway
Hamburger,$1.89,250 cal,"1004 North Memorial Parkway, Huntsville, AL, 35801, US",1004 North Memorial Parkway
Have-sies™,$2.99,380 cal,"1004 North Memorial Parkway, Huntsville, AL, 35801, US",1004 North Memorial Parkway
French Fries,$2.89,370 cal,"1004 North Memorial Parkway, Huntsville, AL, 35801, US",1004 North Memorial Parkway
Onion Rings,$2.89,360 cal,"1004 North Memorial Parkway, Huntsville, AL, 35801, US",1004 North Memorial Parkway
12 Pc. Chicken Fries,$4.99,340 cal,"1004 North Memorial Parkway, Huntsville, AL, 35801, US",1004 North Memorial Parkway
8 Pc. Chicken Fries,$3.99,220 cal,"1004 North Memorial Parkway, Huntsville, AL, 35801, US",1004 North Memorial Parkway
12 Pc. Mozzarella Fries,$5.49,730 cal,"1004 North Memorial Parkway, Huntsville, AL, 35801, US",1004 North Memorial Parkway
8 Pc. Mozzarella Fries,$3.99,480 cal,"1004 North Memorial Parkway, Huntsville, AL, 35801, US",1004 North Memorial Parkway
4 Pc. Mozzarella Fries,$1.99,240 cal,"1004 North Memorial Parkway, Huntsville, AL, 35801, US",1004 North Memorial Parkway
8 Pc. Fiery Buffalo Nuggets,$2.99,510 cal,"1004 North Memorial Parkway, Huntsville, AL, 35801, US",1004 North Memorial Parkway
4 Pc. Chicken Fries,$1.99,110 cal,"1004 North Memorial Parkway, Huntsville, AL, 35801, US",1004 North Memorial Parkway
16 Pc. Chicken Nuggets,$3.99,770 cal,"1004 North Memorial Parkway, Huntsville, AL, 35801, US",1004 North Memorial Parkway
8 Pc. Chicken Nuggets,$2.49,390 cal,"1004 North Memorial Parkway, Huntsville, AL, 35801, US",1004 North Memorial Parkway
4 Pc. Chicken Nuggets,$1.59,190 cal,"1004 North Memorial Parkway, Huntsville, AL, 35801, US",1004 North Memorial Parkway
MOTTS Applesauce,$1.49,50 cal,"1004 North Memorial Parkway, Huntsville, AL, 35801, US",1004 North Memorial Parkway
Classic Melt,$4.99,600 cal,"2230 Salem Road, Conyers, GA, 30013, US",2230 Salem Road
Bacon Melt,$5.49,650 cal,"2230 Salem Road, Conyers, GA, 30013, US",2230 Salem Road
Philly Melt,$5.49,590 cal,"2230 Salem Road, Conyers, GA, 30013, US",2230 Salem Road
Whopper,$5.89,670 cal,"2230 Salem Road, Conyers, GA, 30013, US",2230 Salem Road
Impossible™ Whopper,$6.89,630 cal,"2230 Salem Road, Conyers, GA, 30013, US",2230 Salem Road
Texas Double Whopper,$7.79,"1,090 cal","2230 Salem Road, Conyers, GA, 30013, US",2230 Salem Road
Double Whopper,$6.99,920 cal,"2230 Salem Road, Conyers, GA, 30013, US",2230 Salem Road
Triple Whopper,$8.19,"1,170 cal","2230 Salem Road, Conyers, GA, 30013, US",2230 Salem Road
Bacon King,$7.69,"1,200 cal","2230 Salem Road, Conyers, GA, 30013, US",2230 Salem Road
BBQ Bacon Whopper Jr.,$3.49,390 cal,"2230 Salem Road, Conyers, GA, 30013, US",2230 Salem Road
Whopper Jr.,$2.99,330 cal,"2230 Salem Road, Conyers, GA, 30013, US",2230 Salem Road
Bacon Double Cheeseburger,$3.39,440 cal,"2230 Salem Road, Conyers, GA, 30013, US",2230 Salem Road
Bacon Cheeseburger,$2.69,340 cal,"2230 Salem Road, Conyers, GA, 30013, US",2230 Salem Road
Double Cheeseburger,$2.89,400 cal,"2230 Salem Road, Conyers, GA, 30013, US",2230 Salem Road
Cheeseburger,$2.29,290 cal,"2230 Salem Road, Conyers, GA, 30013, US",2230 Salem Road
Rodeo Burger,$2.29,340 cal,"2230 Salem Road, Conyers, GA, 30013, US",2230 Salem Road
Hamburger,$1.89,250 cal,"2230 Salem Road, Conyers, GA, 30013, US",2230 Salem Road
Have-sies™,$2.99,380 cal,"2230 Salem Road, Conyers, GA, 30013, US",2230 Salem Road
French Fries,$2.89,370 cal,"2230 Salem Road, Conyers, GA, 30013, US",2230 Salem Road
Onion Rings,$2.89,360 cal,"2230 Salem Road, Conyers, GA, 30013, US",2230 Salem Road
12 Pc. Chicken Fries,$4.99,340 cal,"2230 Salem Road, Conyers, GA, 30013, US",2230 Salem Road
8 Pc. Chicken Fries,$3.99,220 cal,"2230 Salem Road, Conyers, GA, 30013, US",2230 Salem Road
12 Pc. Mozzarella Fries,$4.99,730 cal,"2230 Salem Road, Conyers, GA, 30013, US",2230 Salem Road
8 Pc. Mozzarella Fries,$3.79,480 cal,"2230 Salem Road, Conyers, GA, 30013, US",2230 Salem Road
4 Pc. Mozzarella Fries,$1.99,240 cal,"2230 Salem Road, Conyers, GA, 30013, US",2230 Salem Road
8 Pc. Fiery Buffalo Nuggets,$2.99,510 cal,"2230 Salem Road, Conyers, GA, 30013, US",2230 Salem Road
4 Pc. Chicken Fries,$1.99,110 cal,"2230 Salem Road, Conyers, GA, 30013, US",2230 Salem Road
16 Pc. Chicken Nuggets,$3.99,770 cal,"2230 Salem Road, Conyers, GA, 30013, US",2230 Salem Road
8 Pc. Chicken Nuggets,$2.49,390 cal,"2230 Salem Road, Conyers, GA, 30013, US",2230 Salem Road
4 Pc. Chicken Nuggets,$1.59,190 cal,"2230 Salem Road, Conyers, GA, 30013, US",2230 Salem Road
MOTTS Applesauce,$1.59,50 cal,"2230 Salem Road, Conyers, GA, 30013, US",2230 Salem Road
Classic Melt,$4.99,600 cal,"730 Lane Allen Rd, Lexington, KY, 40504, US",730 Lane Allen Rd
Bacon Melt,$5.49,650 cal,"730 Lane Allen Rd, Lexington, KY, 40504, US",730 Lane Allen Rd
Philly Melt,$5.49,590 cal,"730 Lane Allen Rd, Lexington, KY, 40504, US",730 Lane Allen Rd
Whopper,$5.19,670 cal,"730 Lane Allen Rd, Lexington, KY, 40504, US",730 Lane Allen Rd
Impossible™ Whopper,$6.09,630 cal,"730 Lane Allen Rd, Lexington, KY, 40504, US",730 Lane Allen Rd
Double Whopper,$6.99,920 cal,"730 Lane Allen Rd, Lexington, KY, 40504, US",730 Lane Allen Rd
Triple Whopper,$8.99,"1,170 cal","730 Lane Allen Rd, Lexington, KY, 40504, US",730 Lane Allen Rd
Bacon King,$7.99,"1,200 cal","730 Lane Allen Rd, Lexington, KY, 40504, US",730 Lane Allen Rd
BBQ Bacon Whopper Jr.,$3.39,390 cal,"730 Lane Allen Rd, Lexington, KY, 40504, US",730 Lane Allen Rd
Whopper Jr.,$2.79,330 cal,"730 Lane Allen Rd, Lexington, KY, 40504, US",730 Lane Allen Rd
Bacon Double Cheeseburger,$3.69,440 cal,"730 Lane Allen Rd, Lexington, KY, 40504, US",730 Lane Allen Rd
Bacon Cheeseburger,$2.79,340 cal,"730 Lane Allen Rd, Lexington, KY, 40504, US",730 Lane Allen Rd
Double Cheeseburger,$3.19,400 cal,"730 Lane Allen Rd, Lexington, KY, 40504, US",730 Lane Allen Rd
Cheeseburger,$1.99,290 cal,"730 Lane Allen Rd, Lexington, KY, 40504, US",730 Lane Allen Rd
Rodeo Burger,$1.99,340 cal,"730 Lane Allen Rd, Lexington, KY, 40504, US",730 Lane Allen Rd
Hamburger,$1.69,250 cal,"730 Lane Allen Rd, Lexington, KY, 40504, US",730 Lane Allen Rd
Have-sies™,$2.99,380 cal,"730 Lane Allen Rd, Lexington, KY, 40504, US",730 Lane Allen Rd
French Fries,$2.99,370 cal,"730 Lane Allen Rd, Lexington, KY, 40504, US",730 Lane Allen Rd
Onion Rings,$2.99,360 cal,"730 Lane Allen Rd, Lexington, KY, 40504, US",730 Lane Allen Rd
12 Pc. Chicken Fries,$4.99,340 cal,"730 Lane Allen Rd, Lexington, KY, 40504, US",730 Lane Allen Rd
8 Pc. Chicken Fries,$3.79,220 cal,"730 Lane Allen Rd, Lexington, KY, 40504, US",730 Lane Allen Rd
12 Pc. Mozzarella Fries,$4.99,730 cal,"730 Lane Allen Rd, Lexington, KY, 40504, US",730 Lane Allen Rd
8 Pc. Mozzarella Fries,$3.79,480 cal,"730 Lane Allen Rd, Lexington, KY, 40504, US",730 Lane Allen Rd
4 Pc. Mozzarella Fries,$1.99,240 cal,"730 Lane Allen Rd, Lexington, KY, 40504, US",730 Lane Allen Rd
8 Pc. Fiery Buffalo Nuggets,$2.99,510 cal,"730 Lane Allen Rd, Lexington, KY, 40504, US",730 Lane Allen Rd
4 Pc. Chicken Fries,$1.99,110 cal,"730 Lane Allen Rd, Lexington, KY, 40504, US",730 Lane Allen Rd
16 Pc. Chicken Nuggets,$4.99,770 cal,"730 Lane Allen Rd, Lexington, KY, 40504, US",730 Lane Allen Rd
8 Pc. Chicken Nuggets,$2.49,390 cal,"730 Lane Allen Rd, Lexington, KY, 40504, US",730 Lane Allen Rd
4 Pc. Chicken Nuggets,$1.79,190 cal,"730 Lane Allen Rd, Lexington, KY, 40504, US",730 Lane Allen Rd
MOTTS Applesauce,$1.49,50 cal,"730 Lane Allen Rd, Lexington, KY, 40504, US",730 Lane Allen Rd
Classic Melt,$4.99,600 cal,"3941 Crosstown Expressway, Corpus Christi, TX, 78416, US",3941 Crosstown Expressway
Bacon Melt,$5.49,650 cal,"3941 Crosstown Expressway, Corpus Christi, TX, 78416, US",3941 Crosstown Expressway
Philly Melt,$5.49,590 cal,"3941 Crosstown Expressway, Corpus Christi, TX, 78416, US",3941 Crosstown Expressway
Whopper,$5.49,670 cal,"3941 Crosstown Expressway, Corpus Christi, TX, 78416, US",3941 Crosstown Expressway
Impossible™ Whopper,$6.39,630 cal,"3941 Crosstown Expressway, Corpus Christi, TX, 78416, US",3941 Crosstown Expressway
Texas Double Whopper,$7.79,"1,090 cal","3941 Crosstown Expressway, Corpus Christi, TX, 78416, US",3941 Crosstown Expressway
Double Whopper,$6.49,920 cal,"3941 Crosstown Expressway, Corpus Christi, TX, 78416, US",3941 Crosstown Expressway
Triple Whopper,$7.49,"1,170 cal","3941 Crosstown Expressway, Corpus Christi, TX, 78416, US",3941 Crosstown Expressway
Bacon King,$7.39,"1,200 cal","3941 Crosstown Expressway, Corpus Christi, TX, 78416, US",3941 Crosstown Expressway
BBQ Bacon Whopper Jr.,$4.19,390 cal,"3941 Crosstown Expressway, Corpus Christi, TX, 78416, US",3941 Crosstown Expressway
Whopper Jr.,$2.69,330 cal,"3941 Crosstown Expressway, Corpus Christi, TX, 78416, US",3941 Crosstown Expressway
Bacon Double Cheeseburger,$3.59,440 cal,"3941 Crosstown Expressway, Corpus Christi, TX, 78416, US",3941 Crosstown Expressway
Bacon Cheeseburger,$2.49,340 cal,"3941 Crosstown Expressway, Corpus Christi, TX, 78416, US",3941 Crosstown Expressway
Double Cheeseburger,$2.89,400 cal,"3941 Crosstown Expressway, Corpus Christi, TX, 78416, US",3941 Crosstown Expressway
Cheeseburger,$1.99,290 cal,"3941 Crosstown Expressway, Corpus Christi, TX, 78416, US",3941 Crosstown Expressway
Rodeo Burger,$1.89,340 cal,"3941 Crosstown Expressway, Corpus Christi, TX, 78416, US",3941 Crosstown Expressway
Hamburger,$1.79,250 cal,"3941 Crosstown Expressway, Corpus Christi, TX, 78416, US",3941 Crosstown Expressway
Have-sies™,$2.59,380 cal,"3941 Crosstown Expressway, Corpus Christi, TX, 78416, US",3941 Crosstown Expressway
French Fries,$2.59,370 cal,"3941 Crosstown Expressway, Corpus Christi, TX, 78416, US",3941 Crosstown Expressway
Onion Rings,$2.59,360 cal,"3941 Crosstown Expressway, Corpus Christi, TX, 78416, US",3941 Crosstown Expressway
12 Pc. Chicken Fries,$4.99,340 cal,"3941 Crosstown Expressway, Corpus Christi, TX, 78416, US",3941 Crosstown Expressway
8 Pc. Chicken Fries,$3.99,220 cal,"3941 Crosstown Expressway, Corpus Christi, TX, 78416, US",3941 Crosstown Expressway
12 Pc. Mozzarella Fries,$4.99,730 cal,"3941 Crosstown Expressway, Corpus Christi, TX, 78416, US",3941 Crosstown Expressway
8 Pc. Mozzarella Fries,$3.99,480 cal,"3941 Crosstown Expressway, Corpus Christi, TX, 78416, US",3941 Crosstown Expressway
4 Pc. Mozzarella Fries,$1.99,240 cal,"3941 Crosstown Expressway, Corpus Christi, TX, 78416, US",3941 Crosstown Expressway
8 Pc. Fiery Buffalo Nuggets,$2.99,510 cal,"3941 Crosstown Expressway, Corpus Christi, TX, 78416, US",3941 Crosstown Expressway
4 Pc. Chicken Fries,$1.99,110 cal,"3941 Crosstown Expressway, Corpus Christi, TX, 78416, US",3941 Crosstown Expressway
8 Pc. Chicken Nuggets,$2.49,390 cal,"3941 Crosstown Expressway, Corpus Christi, TX, 78416, US",3941 Crosstown Expressway
4 Pc. Chicken Nuggets,$1.39,190 cal,"3941 Crosstown Expressway, Corpus Christi, TX, 78416, US",3941 Crosstown Expressway
MOTTS Applesauce,$1.59,50 cal,"3941 Crosstown Expressway, Corpus Christi, TX, 78416, US",3941 Crosstown Expressway
