menu_item,menu_item_price,menu_item_calories,restaurant_address,inputted_address
Double Teriyaki Burger Combo,9.89,590,"1001 Veterans Blvd, Redwood City, CA, 94063, US","1001 VETERANS BOULEVARD, Redwood City, CA 94063"
Fried Zucchini Star,5.99,600,"1001 Veterans Blvd, Redwood City, CA, 94063, US","1001 VETERANS BOULEVARD, Redwood City, CA 94063"
2 for $6 Chicken Tender Wraps,6.0,480,"1001 Veterans Blvd, Redwood City, CA, 94063, US","1001 VETERANS BOULEVARD, Redwood City, CA 94063"
Hand-Crafted Strawberry Lemonade,3.8,270,"1001 Veterans Blvd, Redwood City, CA, 94063, US","1001 VETERANS BOULEVARD, Redwood City, CA 94063"
Single Teriyaki Burger,7.49,640,"1001 Veterans Blvd, Redwood City, CA, 94063, US","1001 VETERANS BOULEVARD, Redwood City, CA 94063"
Double Teriyaki Burger,9.99,890,"1001 Veterans Blvd, Redwood City, CA, 94063, US","1001 VETERANS BOULEVARD, Redwood City, CA 94063"
Big Angus Teriyaki Burger,11.49,780,"1001 Veterans Blvd, Redwood City, CA, 94063, US","1001 VETERANS BOULEVARD, Redwood City, CA 94063"
Single Famous Star®,7.04,670,"1001 Veterans Blvd, Redwood City, CA, 94063, US","1001 VETERANS BOULEVARD, Redwood City, CA 94063"
Double Famous Star®,9.55,920,"1001 Veterans Blvd, Redwood City, CA, 94063, US","1001 VETERANS BOULEVARD, Redwood City, CA 94063"
Big Angus Famous Star®,10.99,830,"1001 Veterans Blvd, Redwood City, CA, 94063, US","1001 VETERANS BOULEVARD, Redwood City, CA 94063"
Single Western Bacon Cheeseburger®,7.66,760,"1001 Veterans Blvd, Redwood City, CA, 94063, US","1001 VETERANS BOULEVARD, Redwood City, CA 94063"
Double Western Bacon Cheeseburger®,9.88,1020,"1001 Veterans Blvd, Redwood City, CA, 94063, US","1001 VETERANS BOULEVARD, Redwood City, CA 94063"
Big Angus Western Bacon Cheeseburger®,11.99,880,"1001 Veterans Blvd, Redwood City, CA, 94063, US","1001 VETERANS BOULEVARD, Redwood City, CA 94063"
Single Big Carl®,7.55,670,"1001 Veterans Blvd, Redwood City, CA, 94063, US","1001 VETERANS BOULEVARD, Redwood City, CA 94063"
Double Big Carl®,9.99,920,"1001 Veterans Blvd, Redwood City, CA, 94063, US","1001 VETERANS BOULEVARD, Redwood City, CA 94063"
Big Angus Big Carl®,11.99,770,"1001 Veterans Blvd, Redwood City, CA, 94063, US","1001 VETERANS BOULEVARD, Redwood City, CA 94063"
Single Guacamole Bacon Burger,9.99,870,"1001 Veterans Blvd, Redwood City, CA, 94063, US","1001 VETERANS BOULEVARD, Redwood City, CA 94063"
Double Guacamole Bacon Burger,11.99,1130,"1001 Veterans Blvd, Redwood City, CA, 94063, US","1001 VETERANS BOULEVARD, Redwood City, CA 94063"
Big Angus Guacamole Bacon Burger,11.99,960,"1001 Veterans Blvd, Redwood City, CA, 94063, US","1001 VETERANS BOULEVARD, Redwood City, CA 94063"
Single El Diablo ,5.99,950,"1001 Veterans Blvd, Redwood City, CA, 94063, US","1001 VETERANS BOULEVARD, Redwood City, CA 94063"
Double El Diablo ,11.99,1210,"1001 Veterans Blvd, Redwood City, CA, 94063, US","1001 VETERANS BOULEVARD, Redwood City, CA 94063"
Big Angus El Diablo ,11.99,1050,"1001 Veterans Blvd, Redwood City, CA, 94063, US","1001 VETERANS BOULEVARD, Redwood City, CA 94063"
California Classic Double Cheeseburger,4.88,560,"1001 Veterans Blvd, Redwood City, CA, 94063, US","1001 VETERANS BOULEVARD, Redwood City, CA 94063"
Big Cheeseburger,4.89,540,"1001 Veterans Blvd, Redwood City, CA, 94063, US","1001 VETERANS BOULEVARD, Redwood City, CA 94063"
Double Teriyaki Burger Combo,9.89,590,"3131 Crow Canyon Pl, San Ramon, CA, 94583, US","3131 CROW CANYON PL, San Ramon, CA 94583"
Fried Zucchini Star,5.99,600,"3131 Crow Canyon Pl, San Ramon, CA, 94583, US","3131 CROW CANYON PL, San Ramon, CA 94583"
2 for $6 Chicken Tender Wraps,6.0,480,"3131 Crow Canyon Pl, San Ramon, CA, 94583, US","3131 CROW CANYON PL, San Ramon, CA 94583"
Hand-Crafted Strawberry Lemonade,3.8,270,"3131 Crow Canyon Pl, San Ramon, CA, 94583, US","3131 CROW CANYON PL, San Ramon, CA 94583"
Single Teriyaki Burger,7.49,640,"3131 Crow Canyon Pl, San Ramon, CA, 94583, US","3131 CROW CANYON PL, San Ramon, CA 94583"
Double Teriyaki Burger,9.99,890,"3131 Crow Canyon Pl, San Ramon, CA, 94583, US","3131 CROW CANYON PL, San Ramon, CA 94583"
Big Angus Teriyaki Burger,11.49,780,"3131 Crow Canyon Pl, San Ramon, CA, 94583, US","3131 CROW CANYON PL, San Ramon, CA 94583"
Single Famous Star®,7.04,670,"3131 Crow Canyon Pl, San Ramon, CA, 94583, US","3131 CROW CANYON PL, San Ramon, CA 94583"
Double Famous Star®,9.55,920,"3131 Crow Canyon Pl, San Ramon, CA, 94583, US","3131 CROW CANYON PL, San Ramon, CA 94583"
Big Angus Famous Star®,10.99,830,"3131 Crow Canyon Pl, San Ramon, CA, 94583, US","3131 CROW CANYON PL, San Ramon, CA 94583"
Single Western Bacon Cheeseburger®,7.66,760,"3131 Crow Canyon Pl, San Ramon, CA, 94583, US","3131 CROW CANYON PL, San Ramon, CA 94583"
Double Western Bacon Cheeseburger®,9.88,1020,"3131 Crow Canyon Pl, San Ramon, CA, 94583, US","3131 CROW CANYON PL, San Ramon, CA 94583"
Big Angus Western Bacon Cheeseburger®,11.99,880,"3131 Crow Canyon Pl, San Ramon, CA, 94583, US","3131 CROW CANYON PL, San Ramon, CA 94583"
Single Big Carl®,7.55,670,"3131 Crow Canyon Pl, San Ramon, CA, 94583, US","3131 CROW CANYON PL, San Ramon, CA 94583"
Double Big Carl®,9.99,920,"3131 Crow Canyon Pl, San Ramon, CA, 94583, US","3131 CROW CANYON PL, San Ramon, CA 94583"
Big Angus Big Carl®,11.99,770,"3131 Crow Canyon Pl, San Ramon, CA, 94583, US","3131 CROW CANYON PL, San Ramon, CA 94583"
Single Guacamole Bacon Burger,9.99,870,"3131 Crow Canyon Pl, San Ramon, CA, 94583, US","3131 CROW CANYON PL, San Ramon, CA 94583"
Double Guacamole Bacon Burger,11.99,1130,"3131 Crow Canyon Pl, San Ramon, CA, 94583, US","3131 CROW CANYON PL, San Ramon, CA 94583"
Big Angus Guacamole Bacon Burger,11.99,960,"3131 Crow Canyon Pl, San Ramon, CA, 94583, US","3131 CROW CANYON PL, San Ramon, CA 94583"
Single El Diablo ,5.99,950,"3131 Crow Canyon Pl, San Ramon, CA, 94583, US","3131 CROW CANYON PL, San Ramon, CA 94583"
Double El Diablo ,11.99,1210,"3131 Crow Canyon Pl, San Ramon, CA, 94583, US","3131 CROW CANYON PL, San Ramon, CA 94583"
Big Angus El Diablo ,11.99,1050,"3131 Crow Canyon Pl, San Ramon, CA, 94583, US","3131 CROW CANYON PL, San Ramon, CA 94583"
California Classic Double Cheeseburger,4.88,560,"3131 Crow Canyon Pl, San Ramon, CA, 94583, US","3131 CROW CANYON PL, San Ramon, CA 94583"
Big Cheeseburger,4.89,540,"3131 Crow Canyon Pl, San Ramon, CA, 94583, US","3131 CROW CANYON PL, San Ramon, CA 94583"
Double Teriyaki Burger Combo,9.49,590,"16101 N. Harbor Blvd, Fountain Valley, CA, 92708, US","16101 HARBOR BLVD, FOUNTAIN VALLEY, CA 92708"
Fried Zucchini Star,5.99,600,"16101 N. Harbor Blvd, Fountain Valley, CA, 92708, US","16101 HARBOR BLVD, FOUNTAIN VALLEY, CA 92708"
2 for $6 Chicken Tender Wraps,6.0,480,"16101 N. Harbor Blvd, Fountain Valley, CA, 92708, US","16101 HARBOR BLVD, FOUNTAIN VALLEY, CA 92708"
Hand-Crafted Strawberry Lemonade,3.49,270,"16101 N. Harbor Blvd, Fountain Valley, CA, 92708, US","16101 HARBOR BLVD, FOUNTAIN VALLEY, CA 92708"
Single Teriyaki Burger,7.49,640,"16101 N. Harbor Blvd, Fountain Valley, CA, 92708, US","16101 HARBOR BLVD, FOUNTAIN VALLEY, CA 92708"
Double Teriyaki Burger,9.49,890,"16101 N. Harbor Blvd, Fountain Valley, CA, 92708, US","16101 HARBOR BLVD, FOUNTAIN VALLEY, CA 92708"
Big Angus Teriyaki Burger,9.99,780,"16101 N. Harbor Blvd, Fountain Valley, CA, 92708, US","16101 HARBOR BLVD, FOUNTAIN VALLEY, CA 92708"
Single Famous Star®,6.99,670,"16101 N. Harbor Blvd, Fountain Valley, CA, 92708, US","16101 HARBOR BLVD, FOUNTAIN VALLEY, CA 92708"
Double Famous Star®,8.99,920,"16101 N. Harbor Blvd, Fountain Valley, CA, 92708, US","16101 HARBOR BLVD, FOUNTAIN VALLEY, CA 92708"
Big Angus Famous Star®,8.99,830,"16101 N. Harbor Blvd, Fountain Valley, CA, 92708, US","16101 HARBOR BLVD, FOUNTAIN VALLEY, CA 92708"
Single Western Bacon Cheeseburger®,7.99,760,"16101 N. Harbor Blvd, Fountain Valley, CA, 92708, US","16101 HARBOR BLVD, FOUNTAIN VALLEY, CA 92708"
Double Western Bacon Cheeseburger®,9.99,1020,"16101 N. Harbor Blvd, Fountain Valley, CA, 92708, US","16101 HARBOR BLVD, FOUNTAIN VALLEY, CA 92708"
Big Angus Western Bacon Cheeseburger®,10.59,1020,"16101 N. Harbor Blvd, Fountain Valley, CA, 92708, US","16101 HARBOR BLVD, FOUNTAIN VALLEY, CA 92708"
Single Big Carl®,6.69,670,"16101 N. Harbor Blvd, Fountain Valley, CA, 92708, US","16101 HARBOR BLVD, FOUNTAIN VALLEY, CA 92708"
Double Big Carl®,8.69,920,"16101 N. Harbor Blvd, Fountain Valley, CA, 92708, US","16101 HARBOR BLVD, FOUNTAIN VALLEY, CA 92708"
Big Angus Big Carl®,8.69,770,"16101 N. Harbor Blvd, Fountain Valley, CA, 92708, US","16101 HARBOR BLVD, FOUNTAIN VALLEY, CA 92708"
Single Guacamole Bacon Burger,7.49,870,"16101 N. Harbor Blvd, Fountain Valley, CA, 92708, US","16101 HARBOR BLVD, FOUNTAIN VALLEY, CA 92708"
Double Guacamole Bacon Burger,9.69,1130,"16101 N. Harbor Blvd, Fountain Valley, CA, 92708, US","16101 HARBOR BLVD, FOUNTAIN VALLEY, CA 92708"
Big Angus Guacamole Bacon Burger,10.59,960,"16101 N. Harbor Blvd, Fountain Valley, CA, 92708, US","16101 HARBOR BLVD, FOUNTAIN VALLEY, CA 92708"
Single El Diablo ,8.49,950,"16101 N. Harbor Blvd, Fountain Valley, CA, 92708, US","16101 HARBOR BLVD, FOUNTAIN VALLEY, CA 92708"
Double El Diablo ,10.49,1210,"16101 N. Harbor Blvd, Fountain Valley, CA, 92708, US","16101 HARBOR BLVD, FOUNTAIN VALLEY, CA 92708"
Big Angus El Diablo ,10.99,1050,"16101 N. Harbor Blvd, Fountain Valley, CA, 92708, US","16101 HARBOR BLVD, FOUNTAIN VALLEY, CA 92708"
California Classic Double Cheeseburger,4.99,560,"16101 N. Harbor Blvd, Fountain Valley, CA, 92708, US","16101 HARBOR BLVD, FOUNTAIN VALLEY, CA 92708"
Big Cheeseburger,5.49,540,"16101 N. Harbor Blvd, Fountain Valley, CA, 92708, US","16101 HARBOR BLVD, FOUNTAIN VALLEY, CA 92708"
Double Teriyaki Burger Combo,9.49,590,"16565 Sierra Lakes Pkwy, Fontana, CA, 92336, US","16565 SIERRA LAKES PKWY, FONTANA, CA 92336"
Fried Zucchini Star,5.99,600,"16565 Sierra Lakes Pkwy, Fontana, CA, 92336, US","16565 SIERRA LAKES PKWY, FONTANA, CA 92336"
2 for $6 Chicken Tender Wraps,6.0,480,"16565 Sierra Lakes Pkwy, Fontana, CA, 92336, US","16565 SIERRA LAKES PKWY, FONTANA, CA 92336"
Hand-Crafted Strawberry Lemonade,3.49,270,"16565 Sierra Lakes Pkwy, Fontana, CA, 92336, US","16565 SIERRA LAKES PKWY, FONTANA, CA 92336"
Single Teriyaki Burger,7.49,640,"16565 Sierra Lakes Pkwy, Fontana, CA, 92336, US","16565 SIERRA LAKES PKWY, FONTANA, CA 92336"
Double Teriyaki Burger,9.49,890,"16565 Sierra Lakes Pkwy, Fontana, CA, 92336, US","16565 SIERRA LAKES PKWY, FONTANA, CA 92336"
Big Angus Teriyaki Burger,9.99,780,"16565 Sierra Lakes Pkwy, Fontana, CA, 92336, US","16565 SIERRA LAKES PKWY, FONTANA, CA 92336"
Single Famous Star®,6.99,670,"16565 Sierra Lakes Pkwy, Fontana, CA, 92336, US","16565 SIERRA LAKES PKWY, FONTANA, CA 92336"
Double Famous Star®,8.99,920,"16565 Sierra Lakes Pkwy, Fontana, CA, 92336, US","16565 SIERRA LAKES PKWY, FONTANA, CA 92336"
Big Angus Famous Star®,8.99,830,"16565 Sierra Lakes Pkwy, Fontana, CA, 92336, US","16565 SIERRA LAKES PKWY, FONTANA, CA 92336"
Single Western Bacon Cheeseburger®,7.99,760,"16565 Sierra Lakes Pkwy, Fontana, CA, 92336, US","16565 SIERRA LAKES PKWY, FONTANA, CA 92336"
Double Western Bacon Cheeseburger®,9.99,1020,"16565 Sierra Lakes Pkwy, Fontana, CA, 92336, US","16565 SIERRA LAKES PKWY, FONTANA, CA 92336"
Big Angus Western Bacon Cheeseburger®,10.59,1020,"16565 Sierra Lakes Pkwy, Fontana, CA, 92336, US","16565 SIERRA LAKES PKWY, FONTANA, CA 92336"
Single Big Carl®,6.69,670,"16565 Sierra Lakes Pkwy, Fontana, CA, 92336, US","16565 SIERRA LAKES PKWY, FONTANA, CA 92336"
Double Big Carl®,8.69,920,"16565 Sierra Lakes Pkwy, Fontana, CA, 92336, US","16565 SIERRA LAKES PKWY, FONTANA, CA 92336"
Big Angus Big Carl®,8.69,770,"16565 Sierra Lakes Pkwy, Fontana, CA, 92336, US","16565 SIERRA LAKES PKWY, FONTANA, CA 92336"
Single Guacamole Bacon Burger,7.49,870,"16565 Sierra Lakes Pkwy, Fontana, CA, 92336, US","16565 SIERRA LAKES PKWY, FONTANA, CA 92336"
Double Guacamole Bacon Burger,9.69,1130,"16565 Sierra Lakes Pkwy, Fontana, CA, 92336, US","16565 SIERRA LAKES PKWY, FONTANA, CA 92336"
Big Angus Guacamole Bacon Burger,10.59,960,"16565 Sierra Lakes Pkwy, Fontana, CA, 92336, US","16565 SIERRA LAKES PKWY, FONTANA, CA 92336"
Single El Diablo ,8.49,950,"16565 Sierra Lakes Pkwy, Fontana, CA, 92336, US","16565 SIERRA LAKES PKWY, FONTANA, CA 92336"
Double El Diablo ,10.49,1210,"16565 Sierra Lakes Pkwy, Fontana, CA, 92336, US","16565 SIERRA LAKES PKWY, FONTANA, CA 92336"
Big Angus El Diablo ,10.99,1050,"16565 Sierra Lakes Pkwy, Fontana, CA, 92336, US","16565 SIERRA LAKES PKWY, FONTANA, CA 92336"
California Classic Double Cheeseburger,4.99,560,"16565 Sierra Lakes Pkwy, Fontana, CA, 92336, US","16565 SIERRA LAKES PKWY, FONTANA, CA 92336"
Big Cheeseburger,5.49,540,"16565 Sierra Lakes Pkwy, Fontana, CA, 92336, US","16565 SIERRA LAKES PKWY, FONTANA, CA 92336"
Double Teriyaki Burger Combo,8.99,590,"939 W. Charter Way, Stockton, CA, 95206, US","939 W Charter Way, Stockton, CA 95206"
Fried Zucchini Star,6.59,600,"939 W. Charter Way, Stockton, CA, 95206, US","939 W Charter Way, Stockton, CA 95206"
2 for $6 Chicken Tender Wraps,6.0,480,"939 W. Charter Way, Stockton, CA, 95206, US","939 W Charter Way, Stockton, CA 95206"
Hand-Crafted Strawberry Lemonade,3.29,270,"939 W. Charter Way, Stockton, CA, 95206, US","939 W Charter Way, Stockton, CA 95206"
Single Teriyaki Burger,7.49,640,"939 W. Charter Way, Stockton, CA, 95206, US","939 W Charter Way, Stockton, CA 95206"
Double Teriyaki Burger,8.99,890,"939 W. Charter Way, Stockton, CA, 95206, US","939 W Charter Way, Stockton, CA 95206"
Big Angus Teriyaki Burger,8.99,780,"939 W. Charter Way, Stockton, CA, 95206, US","939 W Charter Way, Stockton, CA 95206"
Single Famous Star®,7.19,670,"939 W. Charter Way, Stockton, CA, 95206, US","939 W Charter Way, Stockton, CA 95206"
Double Famous Star®,8.99,920,"939 W. Charter Way, Stockton, CA, 95206, US","939 W Charter Way, Stockton, CA 95206"
Big Angus Famous Star®,8.99,830,"939 W. Charter Way, Stockton, CA, 95206, US","939 W Charter Way, Stockton, CA 95206"
Single Western Bacon Cheeseburger®,8.19,760,"939 W. Charter Way, Stockton, CA, 95206, US","939 W Charter Way, Stockton, CA 95206"
Double Western Bacon Cheeseburger®,9.79,1020,"939 W. Charter Way, Stockton, CA, 95206, US","939 W Charter Way, Stockton, CA 95206"
Big Angus Western Bacon Cheeseburger®,9.79,1020,"939 W. Charter Way, Stockton, CA, 95206, US","939 W Charter Way, Stockton, CA 95206"
Single Big Carl®,6.89,670,"939 W. Charter Way, Stockton, CA, 95206, US","939 W Charter Way, Stockton, CA 95206"
Double Big Carl®,8.79,920,"939 W. Charter Way, Stockton, CA, 95206, US","939 W Charter Way, Stockton, CA 95206"
Big Angus Big Carl®,8.79,770,"939 W. Charter Way, Stockton, CA, 95206, US","939 W Charter Way, Stockton, CA 95206"
Single Guacamole Bacon Burger,8.49,870,"939 W. Charter Way, Stockton, CA, 95206, US","939 W Charter Way, Stockton, CA 95206"
Double Guacamole Bacon Burger,10.29,1130,"939 W. Charter Way, Stockton, CA, 95206, US","939 W Charter Way, Stockton, CA 95206"
Big Angus Guacamole Bacon Burger,10.29,960,"939 W. Charter Way, Stockton, CA, 95206, US","939 W Charter Way, Stockton, CA 95206"
Single El Diablo ,5.99,950,"939 W. Charter Way, Stockton, CA, 95206, US","939 W Charter Way, Stockton, CA 95206"
Double El Diablo ,10.59,1210,"939 W. Charter Way, Stockton, CA, 95206, US","939 W Charter Way, Stockton, CA 95206"
Big Angus El Diablo ,10.59,1050,"939 W. Charter Way, Stockton, CA, 95206, US","939 W Charter Way, Stockton, CA 95206"
California Classic Double Cheeseburger,4.99,560,"939 W. Charter Way, Stockton, CA, 95206, US","939 W Charter Way, Stockton, CA 95206"
Big Cheeseburger,5.99,540,"939 W. Charter Way, Stockton, CA, 95206, US","939 W Charter Way, Stockton, CA 95206"
Double Teriyaki Burger Combo,8.49,590,"3370 La Sierra Ave, Riverside, CA, 92503, US","3370 La Sierra Ave, Riverside, CA 92503"
Fried Zucchini Star,5.79,600,"3370 La Sierra Ave, Riverside, CA, 92503, US","3370 La Sierra Ave, Riverside, CA 92503"
2 for $6 Chicken Tender Wraps,3.19,270,"3370 La Sierra Ave, Riverside, CA, 92503, US","3370 La Sierra Ave, Riverside, CA 92503"
Double Take – Pick Two w/Free Drink,6.99,640,"3370 La Sierra Ave, Riverside, CA, 92503, US","3370 La Sierra Ave, Riverside, CA 92503"
Double Teriyaki Burger,8.49,890,"3370 La Sierra Ave, Riverside, CA, 92503, US","3370 La Sierra Ave, Riverside, CA 92503"
Big Angus Teriyaki Burger,8.69,780,"3370 La Sierra Ave, Riverside, CA, 92503, US","3370 La Sierra Ave, Riverside, CA 92503"
Single Famous Star®,5.99,670,"3370 La Sierra Ave, Riverside, CA, 92503, US","3370 La Sierra Ave, Riverside, CA 92503"
Double Famous Star®,7.29,920,"3370 La Sierra Ave, Riverside, CA, 92503, US","3370 La Sierra Ave, Riverside, CA 92503"
Big Angus Famous Star®,7.69,830,"3370 La Sierra Ave, Riverside, CA, 92503, US","3370 La Sierra Ave, Riverside, CA 92503"
Single Western Bacon Cheeseburger®,6.99,760,"3370 La Sierra Ave, Riverside, CA, 92503, US","3370 La Sierra Ave, Riverside, CA 92503"
Double Western Bacon Cheeseburger®,8.39,1020,"3370 La Sierra Ave, Riverside, CA, 92503, US","3370 La Sierra Ave, Riverside, CA 92503"
Big Angus Western Bacon Cheeseburger®,8.69,880,"3370 La Sierra Ave, Riverside, CA, 92503, US","3370 La Sierra Ave, Riverside, CA 92503"
Single Big Carl®,5.59,670,"3370 La Sierra Ave, Riverside, CA, 92503, US","3370 La Sierra Ave, Riverside, CA 92503"
Double Big Carl®,7.19,920,"3370 La Sierra Ave, Riverside, CA, 92503, US","3370 La Sierra Ave, Riverside, CA 92503"
Big Angus Big Carl®,7.69,770,"3370 La Sierra Ave, Riverside, CA, 92503, US","3370 La Sierra Ave, Riverside, CA 92503"
Single Guacamole Bacon Burger,7.19,870,"3370 La Sierra Ave, Riverside, CA, 92503, US","3370 La Sierra Ave, Riverside, CA 92503"
Double Guacamole Bacon Burger,8.69,1130,"3370 La Sierra Ave, Riverside, CA, 92503, US","3370 La Sierra Ave, Riverside, CA 92503"
Big Angus Guacamole Bacon Burger,9.19,960,"3370 La Sierra Ave, Riverside, CA, 92503, US","3370 La Sierra Ave, Riverside, CA 92503"
Single El Diablo,5.99,950,"3370 La Sierra Ave, Riverside, CA, 92503, US","3370 La Sierra Ave, Riverside, CA 92503"
Double El Diablo,9.19,1210,"3370 La Sierra Ave, Riverside, CA, 92503, US","3370 La Sierra Ave, Riverside, CA 92503"
Big Angus El Diablo,9.49,1050,"3370 La Sierra Ave, Riverside, CA, 92503, US","3370 La Sierra Ave, Riverside, CA 92503"
California Classic Double Cheeseburger,3.39,560,"3370 La Sierra Ave, Riverside, CA, 92503, US","3370 La Sierra Ave, Riverside, CA 92503"
Big Cheeseburger,4.19,540,"3370 La Sierra Ave, Riverside, CA, 92503, US","3370 La Sierra Ave, Riverside, CA 92503"
Double Teriyaki Burger Combo,8.49,590,"14454 Valley Blvd, Fontana, CA, 92335, US","14454 Valley Blvd, Fontana, CA 92335"
Fried Zucchini Star,5.79,600,"14454 Valley Blvd, Fontana, CA, 92335, US","14454 Valley Blvd, Fontana, CA 92335"
2 for $6 Chicken Tender Wraps,3.19,270,"14454 Valley Blvd, Fontana, CA, 92335, US","14454 Valley Blvd, Fontana, CA 92335"
Double Take – Pick Two w/Free Drink,6.99,640,"14454 Valley Blvd, Fontana, CA, 92335, US","14454 Valley Blvd, Fontana, CA 92335"
Double Teriyaki Burger,8.49,890,"14454 Valley Blvd, Fontana, CA, 92335, US","14454 Valley Blvd, Fontana, CA 92335"
Big Angus Teriyaki Burger,8.69,780,"14454 Valley Blvd, Fontana, CA, 92335, US","14454 Valley Blvd, Fontana, CA 92335"
Single Famous Star®,5.99,670,"14454 Valley Blvd, Fontana, CA, 92335, US","14454 Valley Blvd, Fontana, CA 92335"
Double Famous Star®,7.29,920,"14454 Valley Blvd, Fontana, CA, 92335, US","14454 Valley Blvd, Fontana, CA 92335"
Big Angus Famous Star®,7.69,830,"14454 Valley Blvd, Fontana, CA, 92335, US","14454 Valley Blvd, Fontana, CA 92335"
Single Western Bacon Cheeseburger®,6.99,760,"14454 Valley Blvd, Fontana, CA, 92335, US","14454 Valley Blvd, Fontana, CA 92335"
Double Western Bacon Cheeseburger®,8.39,1020,"14454 Valley Blvd, Fontana, CA, 92335, US","14454 Valley Blvd, Fontana, CA 92335"
Big Angus Western Bacon Cheeseburger®,8.69,880,"14454 Valley Blvd, Fontana, CA, 92335, US","14454 Valley Blvd, Fontana, CA 92335"
Single Big Carl®,5.59,670,"14454 Valley Blvd, Fontana, CA, 92335, US","14454 Valley Blvd, Fontana, CA 92335"
Double Big Carl®,7.19,920,"14454 Valley Blvd, Fontana, CA, 92335, US","14454 Valley Blvd, Fontana, CA 92335"
Big Angus Big Carl®,7.69,770,"14454 Valley Blvd, Fontana, CA, 92335, US","14454 Valley Blvd, Fontana, CA 92335"
Single Guacamole Bacon Burger,7.19,870,"14454 Valley Blvd, Fontana, CA, 92335, US","14454 Valley Blvd, Fontana, CA 92335"
Double Guacamole Bacon Burger,8.69,1130,"14454 Valley Blvd, Fontana, CA, 92335, US","14454 Valley Blvd, Fontana, CA 92335"
Big Angus Guacamole Bacon Burger,9.19,960,"14454 Valley Blvd, Fontana, CA, 92335, US","14454 Valley Blvd, Fontana, CA 92335"
Single El Diablo,5.99,950,"14454 Valley Blvd, Fontana, CA, 92335, US","14454 Valley Blvd, Fontana, CA 92335"
Double El Diablo,9.19,1210,"14454 Valley Blvd, Fontana, CA, 92335, US","14454 Valley Blvd, Fontana, CA 92335"
Big Angus El Diablo,9.49,1050,"14454 Valley Blvd, Fontana, CA, 92335, US","14454 Valley Blvd, Fontana, CA 92335"
California Classic Double Cheeseburger,3.39,560,"14454 Valley Blvd, Fontana, CA, 92335, US","14454 Valley Blvd, Fontana, CA 92335"
Big Cheeseburger,4.19,540,"14454 Valley Blvd, Fontana, CA, 92335, US","14454 Valley Blvd, Fontana, CA 92335"
Double Teriyaki Burger Combo,7.49,590,"1670 Pacific Coast Highway, Long Beach, CA, 90810, US","1670 W Pacific Coast Hwy, Long Beach, CA 90810"
Fried Zucchini Star,3.99,600,"1670 Pacific Coast Highway, Long Beach, CA, 90810, US","1670 W Pacific Coast Hwy, Long Beach, CA 90810"
2 for $6 Chicken Tender Wraps,3.29,270,"1670 Pacific Coast Highway, Long Beach, CA, 90810, US","1670 W Pacific Coast Hwy, Long Beach, CA 90810"
Double Take – Pick Two w/Free Drink,4.99,640,"1670 Pacific Coast Highway, Long Beach, CA, 90810, US","1670 W Pacific Coast Hwy, Long Beach, CA 90810"
Double Teriyaki Burger,6.99,890,"1670 Pacific Coast Highway, Long Beach, CA, 90810, US","1670 W Pacific Coast Hwy, Long Beach, CA 90810"
Big Angus Teriyaki Burger,8.49,780,"1670 Pacific Coast Highway, Long Beach, CA, 90810, US","1670 W Pacific Coast Hwy, Long Beach, CA 90810"
Single Famous Star®,6.59,670,"1670 Pacific Coast Highway, Long Beach, CA, 90810, US","1670 W Pacific Coast Hwy, Long Beach, CA 90810"
Double Famous Star®,8.49,920,"1670 Pacific Coast Highway, Long Beach, CA, 90810, US","1670 W Pacific Coast Hwy, Long Beach, CA 90810"
Big Angus Famous Star®,8.69,830,"1670 Pacific Coast Highway, Long Beach, CA, 90810, US","1670 W Pacific Coast Hwy, Long Beach, CA 90810"
Single Western Bacon Cheeseburger®,7.49,760,"1670 Pacific Coast Highway, Long Beach, CA, 90810, US","1670 W Pacific Coast Hwy, Long Beach, CA 90810"
Double Western Bacon Cheeseburger®,9.89,1020,"1670 Pacific Coast Highway, Long Beach, CA, 90810, US","1670 W Pacific Coast Hwy, Long Beach, CA 90810"
Big Angus Western Bacon Cheeseburger®,8.89,880,"1670 Pacific Coast Highway, Long Beach, CA, 90810, US","1670 W Pacific Coast Hwy, Long Beach, CA 90810"
Single Big Carl®,6.79,670,"1670 Pacific Coast Highway, Long Beach, CA, 90810, US","1670 W Pacific Coast Hwy, Long Beach, CA 90810"
Double Big Carl®,8.09,920,"1670 Pacific Coast Highway, Long Beach, CA, 90810, US","1670 W Pacific Coast Hwy, Long Beach, CA 90810"
Big Angus Big Carl®,8.39,770,"1670 Pacific Coast Highway, Long Beach, CA, 90810, US","1670 W Pacific Coast Hwy, Long Beach, CA 90810"
Single Guacamole Bacon Burger,7.59,870,"1670 Pacific Coast Highway, Long Beach, CA, 90810, US","1670 W Pacific Coast Hwy, Long Beach, CA 90810"
Double Guacamole Bacon Burger,9.69,1130,"1670 Pacific Coast Highway, Long Beach, CA, 90810, US","1670 W Pacific Coast Hwy, Long Beach, CA 90810"
Big Angus Guacamole Bacon Burger,10.09,960,"1670 Pacific Coast Highway, Long Beach, CA, 90810, US","1670 W Pacific Coast Hwy, Long Beach, CA 90810"
Single El Diablo,5.99,950,"1670 Pacific Coast Highway, Long Beach, CA, 90810, US","1670 W Pacific Coast Hwy, Long Beach, CA 90810"
Double El Diablo,8.99,1210,"1670 Pacific Coast Highway, Long Beach, CA, 90810, US","1670 W Pacific Coast Hwy, Long Beach, CA 90810"
Big Angus El Diablo,10.19,1050,"1670 Pacific Coast Highway, Long Beach, CA, 90810, US","1670 W Pacific Coast Hwy, Long Beach, CA 90810"
California Classic Double Cheeseburger,4.99,560,"1670 Pacific Coast Highway, Long Beach, CA, 90810, US","1670 W Pacific Coast Hwy, Long Beach, CA 90810"
Big Cheeseburger,4.59,540,"1670 Pacific Coast Highway, Long Beach, CA, 90810, US","1670 W Pacific Coast Hwy, Long Beach, CA 90810"
Double Teriyaki Burger Combo,8.99,590,"4595 Century Boulevard, Pittsburg, CA, 94565, US","4595 Century Blvd, Pittsburg, CA 94565"
Fried Zucchini Star,6.59,600,"4595 Century Boulevard, Pittsburg, CA, 94565, US","4595 Century Blvd, Pittsburg, CA 94565"
2 for $6 Chicken Tender Wraps,6.0,480,"4595 Century Boulevard, Pittsburg, CA, 94565, US","4595 Century Blvd, Pittsburg, CA 94565"
Hand-Crafted Strawberry Lemonade,3.29,270,"4595 Century Boulevard, Pittsburg, CA, 94565, US","4595 Century Blvd, Pittsburg, CA 94565"
Single Teriyaki Burger,7.49,640,"4595 Century Boulevard, Pittsburg, CA, 94565, US","4595 Century Blvd, Pittsburg, CA 94565"
Double Teriyaki Burger,8.99,890,"4595 Century Boulevard, Pittsburg, CA, 94565, US","4595 Century Blvd, Pittsburg, CA 94565"
Big Angus Teriyaki Burger,8.99,780,"4595 Century Boulevard, Pittsburg, CA, 94565, US","4595 Century Blvd, Pittsburg, CA 94565"
Single Famous Star®,7.19,670,"4595 Century Boulevard, Pittsburg, CA, 94565, US","4595 Century Blvd, Pittsburg, CA 94565"
Double Famous Star®,8.99,920,"4595 Century Boulevard, Pittsburg, CA, 94565, US","4595 Century Blvd, Pittsburg, CA 94565"
Big Angus Famous Star®,8.99,830,"4595 Century Boulevard, Pittsburg, CA, 94565, US","4595 Century Blvd, Pittsburg, CA 94565"
Single Western Bacon Cheeseburger®,8.19,760,"4595 Century Boulevard, Pittsburg, CA, 94565, US","4595 Century Blvd, Pittsburg, CA 94565"
Double Western Bacon Cheeseburger®,9.79,1020,"4595 Century Boulevard, Pittsburg, CA, 94565, US","4595 Century Blvd, Pittsburg, CA 94565"
Big Angus Western Bacon Cheeseburger®,9.79,1020,"4595 Century Boulevard, Pittsburg, CA, 94565, US","4595 Century Blvd, Pittsburg, CA 94565"
Single Big Carl®,6.89,670,"4595 Century Boulevard, Pittsburg, CA, 94565, US","4595 Century Blvd, Pittsburg, CA 94565"
Double Big Carl®,8.79,920,"4595 Century Boulevard, Pittsburg, CA, 94565, US","4595 Century Blvd, Pittsburg, CA 94565"
Big Angus Big Carl®,8.79,770,"4595 Century Boulevard, Pittsburg, CA, 94565, US","4595 Century Blvd, Pittsburg, CA 94565"
Single Guacamole Bacon Burger,8.49,870,"4595 Century Boulevard, Pittsburg, CA, 94565, US","4595 Century Blvd, Pittsburg, CA 94565"
Double Guacamole Bacon Burger,10.29,1130,"4595 Century Boulevard, Pittsburg, CA, 94565, US","4595 Century Blvd, Pittsburg, CA 94565"
Big Angus Guacamole Bacon Burger,10.29,960,"4595 Century Boulevard, Pittsburg, CA, 94565, US","4595 Century Blvd, Pittsburg, CA 94565"
Single El Diablo ,5.99,950,"4595 Century Boulevard, Pittsburg, CA, 94565, US","4595 Century Blvd, Pittsburg, CA 94565"
Double El Diablo ,10.59,1210,"4595 Century Boulevard, Pittsburg, CA, 94565, US","4595 Century Blvd, Pittsburg, CA 94565"
Big Angus El Diablo ,10.59,1050,"4595 Century Boulevard, Pittsburg, CA, 94565, US","4595 Century Blvd, Pittsburg, CA 94565"
California Classic Double Cheeseburger,4.99,560,"4595 Century Boulevard, Pittsburg, CA, 94565, US","4595 Century Blvd, Pittsburg, CA 94565"
Big Cheeseburger,5.99,540,"4595 Century Boulevard, Pittsburg, CA, 94565, US","4595 Century Blvd, Pittsburg, CA 94565"
Double Teriyaki Burger Combo,8.99,590,"2280 Arden Way, Sacramento, CA, 95825, US","2280 Arden Way, Sacramento, CA 95825"
Fried Zucchini Star,6.59,600,"2280 Arden Way, Sacramento, CA, 95825, US","2280 Arden Way, Sacramento, CA 95825"
2 for $6 Chicken Tender Wraps,6.0,480,"2280 Arden Way, Sacramento, CA, 95825, US","2280 Arden Way, Sacramento, CA 95825"
Hand-Crafted Strawberry Lemonade,3.29,270,"2280 Arden Way, Sacramento, CA, 95825, US","2280 Arden Way, Sacramento, CA 95825"
Single Teriyaki Burger,7.49,640,"2280 Arden Way, Sacramento, CA, 95825, US","2280 Arden Way, Sacramento, CA 95825"
Double Teriyaki Burger,8.99,890,"2280 Arden Way, Sacramento, CA, 95825, US","2280 Arden Way, Sacramento, CA 95825"
Big Angus Teriyaki Burger,8.99,780,"2280 Arden Way, Sacramento, CA, 95825, US","2280 Arden Way, Sacramento, CA 95825"
Single Famous Star®,7.19,670,"2280 Arden Way, Sacramento, CA, 95825, US","2280 Arden Way, Sacramento, CA 95825"
Double Famous Star®,8.99,920,"2280 Arden Way, Sacramento, CA, 95825, US","2280 Arden Way, Sacramento, CA 95825"
Big Angus Famous Star®,8.99,830,"2280 Arden Way, Sacramento, CA, 95825, US","2280 Arden Way, Sacramento, CA 95825"
Single Western Bacon Cheeseburger®,8.19,760,"2280 Arden Way, Sacramento, CA, 95825, US","2280 Arden Way, Sacramento, CA 95825"
Double Western Bacon Cheeseburger®,9.79,1020,"2280 Arden Way, Sacramento, CA, 95825, US","2280 Arden Way, Sacramento, CA 95825"
Big Angus Western Bacon Cheeseburger®,9.79,1020,"2280 Arden Way, Sacramento, CA, 95825, US","2280 Arden Way, Sacramento, CA 95825"
Single Big Carl®,6.89,670,"2280 Arden Way, Sacramento, CA, 95825, US","2280 Arden Way, Sacramento, CA 95825"
Double Big Carl®,8.79,920,"2280 Arden Way, Sacramento, CA, 95825, US","2280 Arden Way, Sacramento, CA 95825"
Big Angus Big Carl®,8.79,770,"2280 Arden Way, Sacramento, CA, 95825, US","2280 Arden Way, Sacramento, CA 95825"
Single Guacamole Bacon Burger,8.49,870,"2280 Arden Way, Sacramento, CA, 95825, US","2280 Arden Way, Sacramento, CA 95825"
Double Guacamole Bacon Burger,10.29,1130,"2280 Arden Way, Sacramento, CA, 95825, US","2280 Arden Way, Sacramento, CA 95825"
Big Angus Guacamole Bacon Burger,10.29,960,"2280 Arden Way, Sacramento, CA, 95825, US","2280 Arden Way, Sacramento, CA 95825"
Single El Diablo ,5.99,950,"2280 Arden Way, Sacramento, CA, 95825, US","2280 Arden Way, Sacramento, CA 95825"
Double El Diablo ,10.59,1210,"2280 Arden Way, Sacramento, CA, 95825, US","2280 Arden Way, Sacramento, CA 95825"
Big Angus El Diablo ,10.59,1050,"2280 Arden Way, Sacramento, CA, 95825, US","2280 Arden Way, Sacramento, CA 95825"
California Classic Double Cheeseburger,4.99,560,"2280 Arden Way, Sacramento, CA, 95825, US","2280 Arden Way, Sacramento, CA 95825"
Big Cheeseburger,5.99,540,"2280 Arden Way, Sacramento, CA, 95825, US","2280 Arden Way, Sacramento, CA 95825"
Double Teriyaki Burger Combo,8.99,590,"7432 Pacific Ave, Stockton, CA, 95207, US","7432 Pacific Avenue, Stockton, CA 95207"
Fried Zucchini Star,6.59,600,"7432 Pacific Ave, Stockton, CA, 95207, US","7432 Pacific Avenue, Stockton, CA 95207"
2 for $6 Chicken Tender Wraps,6.0,480,"7432 Pacific Ave, Stockton, CA, 95207, US","7432 Pacific Avenue, Stockton, CA 95207"
Hand-Crafted Strawberry Lemonade,3.29,270,"7432 Pacific Ave, Stockton, CA, 95207, US","7432 Pacific Avenue, Stockton, CA 95207"
Single Teriyaki Burger,7.49,640,"7432 Pacific Ave, Stockton, CA, 95207, US","7432 Pacific Avenue, Stockton, CA 95207"
Double Teriyaki Burger,8.99,890,"7432 Pacific Ave, Stockton, CA, 95207, US","7432 Pacific Avenue, Stockton, CA 95207"
Big Angus Teriyaki Burger,8.99,780,"7432 Pacific Ave, Stockton, CA, 95207, US","7432 Pacific Avenue, Stockton, CA 95207"
Single Famous Star®,7.19,670,"7432 Pacific Ave, Stockton, CA, 95207, US","7432 Pacific Avenue, Stockton, CA 95207"
Double Famous Star®,8.99,920,"7432 Pacific Ave, Stockton, CA, 95207, US","7432 Pacific Avenue, Stockton, CA 95207"
Big Angus Famous Star®,8.99,830,"7432 Pacific Ave, Stockton, CA, 95207, US","7432 Pacific Avenue, Stockton, CA 95207"
Single Western Bacon Cheeseburger®,8.19,760,"7432 Pacific Ave, Stockton, CA, 95207, US","7432 Pacific Avenue, Stockton, CA 95207"
Double Western Bacon Cheeseburger®,9.79,1020,"7432 Pacific Ave, Stockton, CA, 95207, US","7432 Pacific Avenue, Stockton, CA 95207"
Big Angus Western Bacon Cheeseburger®,9.79,1020,"7432 Pacific Ave, Stockton, CA, 95207, US","7432 Pacific Avenue, Stockton, CA 95207"
Single Big Carl®,6.89,670,"7432 Pacific Ave, Stockton, CA, 95207, US","7432 Pacific Avenue, Stockton, CA 95207"
Double Big Carl®,8.79,920,"7432 Pacific Ave, Stockton, CA, 95207, US","7432 Pacific Avenue, Stockton, CA 95207"
Big Angus Big Carl®,8.79,770,"7432 Pacific Ave, Stockton, CA, 95207, US","7432 Pacific Avenue, Stockton, CA 95207"
Single Guacamole Bacon Burger,8.49,870,"7432 Pacific Ave, Stockton, CA, 95207, US","7432 Pacific Avenue, Stockton, CA 95207"
Double Guacamole Bacon Burger,10.29,1130,"7432 Pacific Ave, Stockton, CA, 95207, US","7432 Pacific Avenue, Stockton, CA 95207"
Big Angus Guacamole Bacon Burger,10.29,960,"7432 Pacific Ave, Stockton, CA, 95207, US","7432 Pacific Avenue, Stockton, CA 95207"
Single El Diablo ,5.99,950,"7432 Pacific Ave, Stockton, CA, 95207, US","7432 Pacific Avenue, Stockton, CA 95207"
Double El Diablo ,10.59,1210,"7432 Pacific Ave, Stockton, CA, 95207, US","7432 Pacific Avenue, Stockton, CA 95207"
Big Angus El Diablo ,10.59,1050,"7432 Pacific Ave, Stockton, CA, 95207, US","7432 Pacific Avenue, Stockton, CA 95207"
California Classic Double Cheeseburger,4.99,560,"7432 Pacific Ave, Stockton, CA, 95207, US","7432 Pacific Avenue, Stockton, CA 95207"
Big Cheeseburger,5.99,540,"7432 Pacific Ave, Stockton, CA, 95207, US","7432 Pacific Avenue, Stockton, CA 95207"
Double Teriyaki Burger Combo,9.49,590,"222 N. Euclid Ave, Fullerton, CA, 92832, US","222 N EUCLID, FULLERTON, CA 92832"
Fried Zucchini Star,5.99,600,"222 N. Euclid Ave, Fullerton, CA, 92832, US","222 N EUCLID, FULLERTON, CA 92832"
2 for $6 Chicken Tender Wraps,6.0,480,"222 N. Euclid Ave, Fullerton, CA, 92832, US","222 N EUCLID, FULLERTON, CA 92832"
Hand-Crafted Strawberry Lemonade,3.49,270,"222 N. Euclid Ave, Fullerton, CA, 92832, US","222 N EUCLID, FULLERTON, CA 92832"
Double Take – Pick Two w/Free Drink,6.0,156,"222 N. Euclid Ave, Fullerton, CA, 92832, US","222 N EUCLID, FULLERTON, CA 92832"
Single Teriyaki Burger,7.49,640,"222 N. Euclid Ave, Fullerton, CA, 92832, US","222 N EUCLID, FULLERTON, CA 92832"
Double Teriyaki Burger,9.49,890,"222 N. Euclid Ave, Fullerton, CA, 92832, US","222 N EUCLID, FULLERTON, CA 92832"
Teriyaki Triple Burger,11.49,890,"222 N. Euclid Ave, Fullerton, CA, 92832, US","222 N EUCLID, FULLERTON, CA 92832"
Single Famous Star®,6.99,670,"222 N. Euclid Ave, Fullerton, CA, 92832, US","222 N EUCLID, FULLERTON, CA 92832"
Double Famous Star®,8.99,920,"222 N. Euclid Ave, Fullerton, CA, 92832, US","222 N EUCLID, FULLERTON, CA 92832"
Triple Famous Star®,10.49,1190,"222 N. Euclid Ave, Fullerton, CA, 92832, US","222 N EUCLID, FULLERTON, CA 92832"
Single Western Bacon Cheeseburger®,7.99,760,"222 N. Euclid Ave, Fullerton, CA, 92832, US","222 N EUCLID, FULLERTON, CA 92832"
Double Western Bacon Cheeseburger®,9.99,1020,"222 N. Euclid Ave, Fullerton, CA, 92832, US","222 N EUCLID, FULLERTON, CA 92832"
Triple Western Bacon Cheeseburger®,11.49,1380,"222 N. Euclid Ave, Fullerton, CA, 92832, US","222 N EUCLID, FULLERTON, CA 92832"
Single Big Carl®,6.69,670,"222 N. Euclid Ave, Fullerton, CA, 92832, US","222 N EUCLID, FULLERTON, CA 92832"
Double Big Carl®,8.69,920,"222 N. Euclid Ave, Fullerton, CA, 92832, US","222 N EUCLID, FULLERTON, CA 92832"
Triple Big Carl®,10.19,1180,"222 N. Euclid Ave, Fullerton, CA, 92832, US","222 N EUCLID, FULLERTON, CA 92832"
Single Guacamole Bacon Burger,7.49,870,"222 N. Euclid Ave, Fullerton, CA, 92832, US","222 N EUCLID, FULLERTON, CA 92832"
Double Guacamole Bacon Burger,9.69,1130,"222 N. Euclid Ave, Fullerton, CA, 92832, US","222 N EUCLID, FULLERTON, CA 92832"
Triple Guacamole Bacon Burger,11.19,1380,"222 N. Euclid Ave, Fullerton, CA, 92832, US","222 N EUCLID, FULLERTON, CA 92832"
Single El Diablo ,8.49,950,"222 N. Euclid Ave, Fullerton, CA, 92832, US","222 N EUCLID, FULLERTON, CA 92832"
Double El Diablo ,10.49,1210,"222 N. Euclid Ave, Fullerton, CA, 92832, US","222 N EUCLID, FULLERTON, CA 92832"
Triple El Diablo ,11.99,1460,"222 N. Euclid Ave, Fullerton, CA, 92832, US","222 N EUCLID, FULLERTON, CA 92832"
California Classic Double Cheeseburger,4.99,560,"222 N. Euclid Ave, Fullerton, CA, 92832, US","222 N EUCLID, FULLERTON, CA 92832"
Double Teriyaki Burger Combo,8.99,590,"2400 White Ln, Bakersfield, CA, 93304, US","2400 White Lane, Bakersfield, CA 93304"
Fried Zucchini Star,6.59,600,"2400 White Ln, Bakersfield, CA, 93304, US","2400 White Lane, Bakersfield, CA 93304"
2 for $6 Chicken Tender Wraps,6.0,480,"2400 White Ln, Bakersfield, CA, 93304, US","2400 White Lane, Bakersfield, CA 93304"
Hand-Crafted Strawberry Lemonade,3.29,270,"2400 White Ln, Bakersfield, CA, 93304, US","2400 White Lane, Bakersfield, CA 93304"
Single Teriyaki Burger,7.49,640,"2400 White Ln, Bakersfield, CA, 93304, US","2400 White Lane, Bakersfield, CA 93304"
Double Teriyaki Burger,8.99,890,"2400 White Ln, Bakersfield, CA, 93304, US","2400 White Lane, Bakersfield, CA 93304"
Teriyaki Triple Burger,10.49,890,"2400 White Ln, Bakersfield, CA, 93304, US","2400 White Lane, Bakersfield, CA 93304"
Single Famous Star®,7.19,670,"2400 White Ln, Bakersfield, CA, 93304, US","2400 White Lane, Bakersfield, CA 93304"
Double Famous Star®,8.99,920,"2400 White Ln, Bakersfield, CA, 93304, US","2400 White Lane, Bakersfield, CA 93304"
Triple Famous Star®,10.09,1190,"2400 White Ln, Bakersfield, CA, 93304, US","2400 White Lane, Bakersfield, CA 93304"
Single Western Bacon Cheeseburger®,8.19,760,"2400 White Ln, Bakersfield, CA, 93304, US","2400 White Lane, Bakersfield, CA 93304"
Double Western Bacon Cheeseburger®,9.79,1020,"2400 White Ln, Bakersfield, CA, 93304, US","2400 White Lane, Bakersfield, CA 93304"
Triple Western Bacon Cheeseburger®,10.69,1380,"2400 White Ln, Bakersfield, CA, 93304, US","2400 White Lane, Bakersfield, CA 93304"
Single Big Carl®,6.89,670,"2400 White Ln, Bakersfield, CA, 93304, US","2400 White Lane, Bakersfield, CA 93304"
Double Big Carl®,8.79,920,"2400 White Ln, Bakersfield, CA, 93304, US","2400 White Lane, Bakersfield, CA 93304"
Triple Big Carl®,9.69,1180,"2400 White Ln, Bakersfield, CA, 93304, US","2400 White Lane, Bakersfield, CA 93304"
Single Guacamole Bacon Burger,8.49,870,"2400 White Ln, Bakersfield, CA, 93304, US","2400 White Lane, Bakersfield, CA 93304"
Double Guacamole Bacon Burger,10.29,1130,"2400 White Ln, Bakersfield, CA, 93304, US","2400 White Lane, Bakersfield, CA 93304"
Triple Guacamole Bacon Burger,10.89,1380,"2400 White Ln, Bakersfield, CA, 93304, US","2400 White Lane, Bakersfield, CA 93304"
Single El Diablo ,5.99,950,"2400 White Ln, Bakersfield, CA, 93304, US","2400 White Lane, Bakersfield, CA 93304"
Double El Diablo ,10.59,1210,"2400 White Ln, Bakersfield, CA, 93304, US","2400 White Lane, Bakersfield, CA 93304"
Triple El Diablo ,10.99,1460,"2400 White Ln, Bakersfield, CA, 93304, US","2400 White Lane, Bakersfield, CA 93304"
California Classic Double Cheeseburger,4.99,560,"2400 White Ln, Bakersfield, CA, 93304, US","2400 White Lane, Bakersfield, CA 93304"
Double Teriyaki Burger Combo,9.49,590,"1259 W Carson St, Torrance, CA, 90502, US","1259 W CARSON ST, TORRANCE, CA 90502"
Fried Zucchini Star,5.99,600,"1259 W Carson St, Torrance, CA, 90502, US","1259 W CARSON ST, TORRANCE, CA 90502"
2 for $6 Chicken Tender Wraps,6.0,480,"1259 W Carson St, Torrance, CA, 90502, US","1259 W CARSON ST, TORRANCE, CA 90502"
Hand-Crafted Strawberry Lemonade,3.49,270,"1259 W Carson St, Torrance, CA, 90502, US","1259 W CARSON ST, TORRANCE, CA 90502"
Single Teriyaki Burger,7.49,640,"1259 W Carson St, Torrance, CA, 90502, US","1259 W CARSON ST, TORRANCE, CA 90502"
Double Teriyaki Burger,9.49,890,"1259 W Carson St, Torrance, CA, 90502, US","1259 W CARSON ST, TORRANCE, CA 90502"
Big Angus Teriyaki Burger,9.99,780,"1259 W Carson St, Torrance, CA, 90502, US","1259 W CARSON ST, TORRANCE, CA 90502"
Single Famous Star®,6.99,670,"1259 W Carson St, Torrance, CA, 90502, US","1259 W CARSON ST, TORRANCE, CA 90502"
Double Famous Star®,8.99,920,"1259 W Carson St, Torrance, CA, 90502, US","1259 W CARSON ST, TORRANCE, CA 90502"
Big Angus Famous Star®,8.99,830,"1259 W Carson St, Torrance, CA, 90502, US","1259 W CARSON ST, TORRANCE, CA 90502"
Single Western Bacon Cheeseburger®,7.99,760,"1259 W Carson St, Torrance, CA, 90502, US","1259 W CARSON ST, TORRANCE, CA 90502"
Double Western Bacon Cheeseburger®,9.99,1020,"1259 W Carson St, Torrance, CA, 90502, US","1259 W CARSON ST, TORRANCE, CA 90502"
Big Angus Western Bacon Cheeseburger®,10.59,1020,"1259 W Carson St, Torrance, CA, 90502, US","1259 W CARSON ST, TORRANCE, CA 90502"
Single Big Carl®,6.69,670,"1259 W Carson St, Torrance, CA, 90502, US","1259 W CARSON ST, TORRANCE, CA 90502"
Double Big Carl®,8.69,920,"1259 W Carson St, Torrance, CA, 90502, US","1259 W CARSON ST, TORRANCE, CA 90502"
Big Angus Big Carl®,8.69,770,"1259 W Carson St, Torrance, CA, 90502, US","1259 W CARSON ST, TORRANCE, CA 90502"
Single Guacamole Bacon Burger,7.49,870,"1259 W Carson St, Torrance, CA, 90502, US","1259 W CARSON ST, TORRANCE, CA 90502"
Double Guacamole Bacon Burger,9.69,1130,"1259 W Carson St, Torrance, CA, 90502, US","1259 W CARSON ST, TORRANCE, CA 90502"
Big Angus Guacamole Bacon Burger,10.59,960,"1259 W Carson St, Torrance, CA, 90502, US","1259 W CARSON ST, TORRANCE, CA 90502"
Single El Diablo ,8.49,950,"1259 W Carson St, Torrance, CA, 90502, US","1259 W CARSON ST, TORRANCE, CA 90502"
Double El Diablo ,10.49,1210,"1259 W Carson St, Torrance, CA, 90502, US","1259 W CARSON ST, TORRANCE, CA 90502"
Big Angus El Diablo ,10.99,1050,"1259 W Carson St, Torrance, CA, 90502, US","1259 W CARSON ST, TORRANCE, CA 90502"
California Classic Double Cheeseburger,4.99,560,"1259 W Carson St, Torrance, CA, 90502, US","1259 W CARSON ST, TORRANCE, CA 90502"
Big Cheeseburger,5.49,540,"1259 W Carson St, Torrance, CA, 90502, US","1259 W CARSON ST, TORRANCE, CA 90502"
Double Teriyaki Burger Combo,9.09,590,"46637 Mission Boulevard, Fremont, CA, 94539, US","39901 Balentine Road, Newark, CA 94560"
Fried Zucchini Star,5.99,600,"46637 Mission Boulevard, Fremont, CA, 94539, US","39901 Balentine Road, Newark, CA 94560"
2 for $6 Chicken Tender Wraps,3.49,270,"46637 Mission Boulevard, Fremont, CA, 94539, US","39901 Balentine Road, Newark, CA 94560"
Single Teriyaki Burger,7.99,640,"46637 Mission Boulevard, Fremont, CA, 94539, US","39901 Balentine Road, Newark, CA 94560"
Double Teriyaki Burger,9.49,890,"46637 Mission Boulevard, Fremont, CA, 94539, US","39901 Balentine Road, Newark, CA 94560"
Big Angus Teriyaki Burger,9.09,780,"46637 Mission Boulevard, Fremont, CA, 94539, US","39901 Balentine Road, Newark, CA 94560"
Single Famous Star®,7.99,670,"46637 Mission Boulevard, Fremont, CA, 94539, US","39901 Balentine Road, Newark, CA 94560"
Double Famous Star®,9.49,920,"46637 Mission Boulevard, Fremont, CA, 94539, US","39901 Balentine Road, Newark, CA 94560"
Big Angus Famous Star®,9.09,830,"46637 Mission Boulevard, Fremont, CA, 94539, US","39901 Balentine Road, Newark, CA 94560"
Single Western Bacon Cheeseburger®,8.49,760,"46637 Mission Boulevard, Fremont, CA, 94539, US","39901 Balentine Road, Newark, CA 94560"
Double Western Bacon Cheeseburger®,9.49,1020,"46637 Mission Boulevard, Fremont, CA, 94539, US","39901 Balentine Road, Newark, CA 94560"
Big Angus Western Bacon Cheeseburger®,9.99,880,"46637 Mission Boulevard, Fremont, CA, 94539, US","39901 Balentine Road, Newark, CA 94560"
Single Big Carl®,8.99,670,"46637 Mission Boulevard, Fremont, CA, 94539, US","39901 Balentine Road, Newark, CA 94560"
Double Big Carl®,9.49,920,"46637 Mission Boulevard, Fremont, CA, 94539, US","39901 Balentine Road, Newark, CA 94560"
Big Angus Big Carl®,9.09,770,"46637 Mission Boulevard, Fremont, CA, 94539, US","39901 Balentine Road, Newark, CA 94560"
Single Guacamole Bacon Burger,7.99,870,"46637 Mission Boulevard, Fremont, CA, 94539, US","39901 Balentine Road, Newark, CA 94560"
Double Guacamole Bacon Burger,9.09,1130,"46637 Mission Boulevard, Fremont, CA, 94539, US","39901 Balentine Road, Newark, CA 94560"
Big Angus Guacamole Bacon Burger,9.99,960,"46637 Mission Boulevard, Fremont, CA, 94539, US","39901 Balentine Road, Newark, CA 94560"
Single El Diablo,5.99,950,"46637 Mission Boulevard, Fremont, CA, 94539, US","39901 Balentine Road, Newark, CA 94560"
Double El Diablo,10.49,1210,"46637 Mission Boulevard, Fremont, CA, 94539, US","39901 Balentine Road, Newark, CA 94560"
Big Angus El Diablo,9.99,1050,"46637 Mission Boulevard, Fremont, CA, 94539, US","39901 Balentine Road, Newark, CA 94560"
California Classic Double Cheeseburger,5.99,560,"46637 Mission Boulevard, Fremont, CA, 94539, US","39901 Balentine Road, Newark, CA 94560"
Big Cheeseburger,5.99,540,"46637 Mission Boulevard, Fremont, CA, 94539, US","39901 Balentine Road, Newark, CA 94560"
Double Teriyaki Burger Combo,9.49,590,"2110 W 7Th St, Los Angeles, CA, 90057, US","2110 W 7TH ST, LOS ANGELES, CA 90057"
Fried Zucchini Star,5.99,600,"2110 W 7Th St, Los Angeles, CA, 90057, US","2110 W 7TH ST, LOS ANGELES, CA 90057"
2 for $6 Chicken Tender Wraps,6.0,480,"2110 W 7Th St, Los Angeles, CA, 90057, US","2110 W 7TH ST, LOS ANGELES, CA 90057"
Hand-Crafted Strawberry Lemonade,3.49,270,"2110 W 7Th St, Los Angeles, CA, 90057, US","2110 W 7TH ST, LOS ANGELES, CA 90057"
Single Teriyaki Burger,7.49,640,"2110 W 7Th St, Los Angeles, CA, 90057, US","2110 W 7TH ST, LOS ANGELES, CA 90057"
Double Teriyaki Burger,9.49,890,"2110 W 7Th St, Los Angeles, CA, 90057, US","2110 W 7TH ST, LOS ANGELES, CA 90057"
Big Angus Teriyaki Burger,9.99,780,"2110 W 7Th St, Los Angeles, CA, 90057, US","2110 W 7TH ST, LOS ANGELES, CA 90057"
Single Famous Star®,6.99,670,"2110 W 7Th St, Los Angeles, CA, 90057, US","2110 W 7TH ST, LOS ANGELES, CA 90057"
Double Famous Star®,8.99,920,"2110 W 7Th St, Los Angeles, CA, 90057, US","2110 W 7TH ST, LOS ANGELES, CA 90057"
Big Angus Famous Star®,8.99,830,"2110 W 7Th St, Los Angeles, CA, 90057, US","2110 W 7TH ST, LOS ANGELES, CA 90057"
Single Western Bacon Cheeseburger®,7.99,760,"2110 W 7Th St, Los Angeles, CA, 90057, US","2110 W 7TH ST, LOS ANGELES, CA 90057"
Double Western Bacon Cheeseburger®,9.99,1020,"2110 W 7Th St, Los Angeles, CA, 90057, US","2110 W 7TH ST, LOS ANGELES, CA 90057"
Big Angus Western Bacon Cheeseburger®,10.59,1020,"2110 W 7Th St, Los Angeles, CA, 90057, US","2110 W 7TH ST, LOS ANGELES, CA 90057"
Single Big Carl®,6.69,670,"2110 W 7Th St, Los Angeles, CA, 90057, US","2110 W 7TH ST, LOS ANGELES, CA 90057"
Double Big Carl®,8.69,920,"2110 W 7Th St, Los Angeles, CA, 90057, US","2110 W 7TH ST, LOS ANGELES, CA 90057"
Big Angus Big Carl®,8.69,770,"2110 W 7Th St, Los Angeles, CA, 90057, US","2110 W 7TH ST, LOS ANGELES, CA 90057"
Single Guacamole Bacon Burger,7.49,870,"2110 W 7Th St, Los Angeles, CA, 90057, US","2110 W 7TH ST, LOS ANGELES, CA 90057"
Double Guacamole Bacon Burger,9.69,1130,"2110 W 7Th St, Los Angeles, CA, 90057, US","2110 W 7TH ST, LOS ANGELES, CA 90057"
Big Angus Guacamole Bacon Burger,10.59,960,"2110 W 7Th St, Los Angeles, CA, 90057, US","2110 W 7TH ST, LOS ANGELES, CA 90057"
Single El Diablo ,8.49,950,"2110 W 7Th St, Los Angeles, CA, 90057, US","2110 W 7TH ST, LOS ANGELES, CA 90057"
Double El Diablo ,10.49,1210,"2110 W 7Th St, Los Angeles, CA, 90057, US","2110 W 7TH ST, LOS ANGELES, CA 90057"
Big Angus El Diablo ,10.99,1050,"2110 W 7Th St, Los Angeles, CA, 90057, US","2110 W 7TH ST, LOS ANGELES, CA 90057"
California Classic Double Cheeseburger,4.99,560,"2110 W 7Th St, Los Angeles, CA, 90057, US","2110 W 7TH ST, LOS ANGELES, CA 90057"
Big Cheeseburger,5.49,540,"2110 W 7Th St, Los Angeles, CA, 90057, US","2110 W 7TH ST, LOS ANGELES, CA 90057"
Double Teriyaki Burger Combo,9.09,590,"1095 Oakland Road, San Jose, CA, 95112, US","1095 Old Oakland Road, San Jose, CA 95112"
Fried Zucchini Star,5.99,600,"1095 Oakland Road, San Jose, CA, 95112, US","1095 Old Oakland Road, San Jose, CA 95112"
2 for $6 Chicken Tender Wraps,3.49,270,"1095 Oakland Road, San Jose, CA, 95112, US","1095 Old Oakland Road, San Jose, CA 95112"
Single Teriyaki Burger,7.99,640,"1095 Oakland Road, San Jose, CA, 95112, US","1095 Old Oakland Road, San Jose, CA 95112"
Double Teriyaki Burger,9.49,890,"1095 Oakland Road, San Jose, CA, 95112, US","1095 Old Oakland Road, San Jose, CA 95112"
Big Angus Teriyaki Burger,9.09,780,"1095 Oakland Road, San Jose, CA, 95112, US","1095 Old Oakland Road, San Jose, CA 95112"
Single Famous Star®,7.99,670,"1095 Oakland Road, San Jose, CA, 95112, US","1095 Old Oakland Road, San Jose, CA 95112"
Double Famous Star®,9.49,920,"1095 Oakland Road, San Jose, CA, 95112, US","1095 Old Oakland Road, San Jose, CA 95112"
Big Angus Famous Star®,9.09,830,"1095 Oakland Road, San Jose, CA, 95112, US","1095 Old Oakland Road, San Jose, CA 95112"
Single Western Bacon Cheeseburger®,8.49,760,"1095 Oakland Road, San Jose, CA, 95112, US","1095 Old Oakland Road, San Jose, CA 95112"
Double Western Bacon Cheeseburger®,9.49,1020,"1095 Oakland Road, San Jose, CA, 95112, US","1095 Old Oakland Road, San Jose, CA 95112"
Big Angus Western Bacon Cheeseburger®,9.99,880,"1095 Oakland Road, San Jose, CA, 95112, US","1095 Old Oakland Road, San Jose, CA 95112"
Single Big Carl®,8.99,670,"1095 Oakland Road, San Jose, CA, 95112, US","1095 Old Oakland Road, San Jose, CA 95112"
Double Big Carl®,9.49,920,"1095 Oakland Road, San Jose, CA, 95112, US","1095 Old Oakland Road, San Jose, CA 95112"
Big Angus Big Carl®,9.09,770,"1095 Oakland Road, San Jose, CA, 95112, US","1095 Old Oakland Road, San Jose, CA 95112"
Single Guacamole Bacon Burger,7.99,870,"1095 Oakland Road, San Jose, CA, 95112, US","1095 Old Oakland Road, San Jose, CA 95112"
Double Guacamole Bacon Burger,9.09,1130,"1095 Oakland Road, San Jose, CA, 95112, US","1095 Old Oakland Road, San Jose, CA 95112"
Big Angus Guacamole Bacon Burger,9.99,960,"1095 Oakland Road, San Jose, CA, 95112, US","1095 Old Oakland Road, San Jose, CA 95112"
Single El Diablo,5.99,950,"1095 Oakland Road, San Jose, CA, 95112, US","1095 Old Oakland Road, San Jose, CA 95112"
Double El Diablo,10.49,1210,"1095 Oakland Road, San Jose, CA, 95112, US","1095 Old Oakland Road, San Jose, CA 95112"
Big Angus El Diablo,9.99,1050,"1095 Oakland Road, San Jose, CA, 95112, US","1095 Old Oakland Road, San Jose, CA 95112"
California Classic Double Cheeseburger,5.99,560,"1095 Oakland Road, San Jose, CA, 95112, US","1095 Old Oakland Road, San Jose, CA 95112"
Big Cheeseburger,5.99,540,"1095 Oakland Road, San Jose, CA, 95112, US","1095 Old Oakland Road, San Jose, CA 95112"
Double Teriyaki Burger Combo,9.89,590,"1588 N 1st St, Fresno, CA, 93703, US","1588 N FIRST STREET, FRESNO, CA 93703"
Fried Zucchini Star,5.99,600,"1588 N 1st St, Fresno, CA, 93703, US","1588 N FIRST STREET, FRESNO, CA 93703"
2 for $6 Chicken Tender Wraps,6.0,480,"1588 N 1st St, Fresno, CA, 93703, US","1588 N FIRST STREET, FRESNO, CA 93703"
Hand-Crafted Strawberry Lemonade,3.8,270,"1588 N 1st St, Fresno, CA, 93703, US","1588 N FIRST STREET, FRESNO, CA 93703"
Single Teriyaki Burger,7.49,640,"1588 N 1st St, Fresno, CA, 93703, US","1588 N FIRST STREET, FRESNO, CA 93703"
Double Teriyaki Burger,9.99,890,"1588 N 1st St, Fresno, CA, 93703, US","1588 N FIRST STREET, FRESNO, CA 93703"
Big Angus Teriyaki Burger,11.49,780,"1588 N 1st St, Fresno, CA, 93703, US","1588 N FIRST STREET, FRESNO, CA 93703"
Single Famous Star®,7.04,670,"1588 N 1st St, Fresno, CA, 93703, US","1588 N FIRST STREET, FRESNO, CA 93703"
Double Famous Star®,9.55,920,"1588 N 1st St, Fresno, CA, 93703, US","1588 N FIRST STREET, FRESNO, CA 93703"
Big Angus Famous Star®,10.99,830,"1588 N 1st St, Fresno, CA, 93703, US","1588 N FIRST STREET, FRESNO, CA 93703"
Single Western Bacon Cheeseburger®,7.66,760,"1588 N 1st St, Fresno, CA, 93703, US","1588 N FIRST STREET, FRESNO, CA 93703"
Double Western Bacon Cheeseburger®,9.88,1020,"1588 N 1st St, Fresno, CA, 93703, US","1588 N FIRST STREET, FRESNO, CA 93703"
Big Angus Western Bacon Cheeseburger®,11.99,880,"1588 N 1st St, Fresno, CA, 93703, US","1588 N FIRST STREET, FRESNO, CA 93703"
Single Big Carl®,7.55,670,"1588 N 1st St, Fresno, CA, 93703, US","1588 N FIRST STREET, FRESNO, CA 93703"
Double Big Carl®,9.99,920,"1588 N 1st St, Fresno, CA, 93703, US","1588 N FIRST STREET, FRESNO, CA 93703"
Big Angus Big Carl®,11.99,770,"1588 N 1st St, Fresno, CA, 93703, US","1588 N FIRST STREET, FRESNO, CA 93703"
Single Guacamole Bacon Burger,9.99,870,"1588 N 1st St, Fresno, CA, 93703, US","1588 N FIRST STREET, FRESNO, CA 93703"
Double Guacamole Bacon Burger,11.99,1130,"1588 N 1st St, Fresno, CA, 93703, US","1588 N FIRST STREET, FRESNO, CA 93703"
Big Angus Guacamole Bacon Burger,11.99,960,"1588 N 1st St, Fresno, CA, 93703, US","1588 N FIRST STREET, FRESNO, CA 93703"
Single El Diablo ,5.99,950,"1588 N 1st St, Fresno, CA, 93703, US","1588 N FIRST STREET, FRESNO, CA 93703"
Double El Diablo ,11.99,1210,"1588 N 1st St, Fresno, CA, 93703, US","1588 N FIRST STREET, FRESNO, CA 93703"
Big Angus El Diablo ,11.99,1050,"1588 N 1st St, Fresno, CA, 93703, US","1588 N FIRST STREET, FRESNO, CA 93703"
California Classic Double Cheeseburger,4.88,560,"1588 N 1st St, Fresno, CA, 93703, US","1588 N FIRST STREET, FRESNO, CA 93703"
Big Cheeseburger,4.89,540,"1588 N 1st St, Fresno, CA, 93703, US","1588 N FIRST STREET, FRESNO, CA 93703"
Double Teriyaki Burger Combo,9.09,590,"5670 Thornton Avenue, Newark, CA, 94560","5670 Thornton Ave, Newark, CA 94560"
Fried Zucchini Star,5.99,600,"5670 Thornton Avenue, Newark, CA, 94560","5670 Thornton Ave, Newark, CA 94560"
2 for $6 Chicken Tender Wraps,3.49,270,"5670 Thornton Avenue, Newark, CA, 94560","5670 Thornton Ave, Newark, CA 94560"
Single Teriyaki Burger,7.99,640,"5670 Thornton Avenue, Newark, CA, 94560","5670 Thornton Ave, Newark, CA 94560"
Double Teriyaki Burger,9.49,890,"5670 Thornton Avenue, Newark, CA, 94560","5670 Thornton Ave, Newark, CA 94560"
Big Angus Teriyaki Burger,9.09,780,"5670 Thornton Avenue, Newark, CA, 94560","5670 Thornton Ave, Newark, CA 94560"
Single Famous Star®,7.99,670,"5670 Thornton Avenue, Newark, CA, 94560","5670 Thornton Ave, Newark, CA 94560"
Double Famous Star®,9.49,920,"5670 Thornton Avenue, Newark, CA, 94560","5670 Thornton Ave, Newark, CA 94560"
Big Angus Famous Star®,9.09,830,"5670 Thornton Avenue, Newark, CA, 94560","5670 Thornton Ave, Newark, CA 94560"
Single Western Bacon Cheeseburger®,8.49,760,"5670 Thornton Avenue, Newark, CA, 94560","5670 Thornton Ave, Newark, CA 94560"
Double Western Bacon Cheeseburger®,9.49,1020,"5670 Thornton Avenue, Newark, CA, 94560","5670 Thornton Ave, Newark, CA 94560"
Big Angus Western Bacon Cheeseburger®,9.99,880,"5670 Thornton Avenue, Newark, CA, 94560","5670 Thornton Ave, Newark, CA 94560"
Single Big Carl®,8.99,670,"5670 Thornton Avenue, Newark, CA, 94560","5670 Thornton Ave, Newark, CA 94560"
Double Big Carl®,9.49,920,"5670 Thornton Avenue, Newark, CA, 94560","5670 Thornton Ave, Newark, CA 94560"
Big Angus Big Carl®,9.09,770,"5670 Thornton Avenue, Newark, CA, 94560","5670 Thornton Ave, Newark, CA 94560"
Single Guacamole Bacon Burger,7.99,870,"5670 Thornton Avenue, Newark, CA, 94560","5670 Thornton Ave, Newark, CA 94560"
Double Guacamole Bacon Burger,9.09,1130,"5670 Thornton Avenue, Newark, CA, 94560","5670 Thornton Ave, Newark, CA 94560"
Big Angus Guacamole Bacon Burger,9.99,960,"5670 Thornton Avenue, Newark, CA, 94560","5670 Thornton Ave, Newark, CA 94560"
Single El Diablo,5.99,950,"5670 Thornton Avenue, Newark, CA, 94560","5670 Thornton Ave, Newark, CA 94560"
Double El Diablo,10.49,1210,"5670 Thornton Avenue, Newark, CA, 94560","5670 Thornton Ave, Newark, CA 94560"
Big Angus El Diablo,9.99,1050,"5670 Thornton Avenue, Newark, CA, 94560","5670 Thornton Ave, Newark, CA 94560"
California Classic Double Cheeseburger,5.99,560,"5670 Thornton Avenue, Newark, CA, 94560","5670 Thornton Ave, Newark, CA 94560"
Big Cheeseburger,5.99,540,"5670 Thornton Avenue, Newark, CA, 94560","5670 Thornton Ave, Newark, CA 94560"
Double Teriyaki Burger Combo,8.99,590,"2903 Burgener Blvd, San Diego, CA, 92110, US","2903 BURGENER BLVD, SAN DIEGO, CA 92110"
Fried Zucchini Star,5.99,600,"2903 Burgener Blvd, San Diego, CA, 92110, US","2903 BURGENER BLVD, SAN DIEGO, CA 92110"
Hand-Crafted Strawberry Lemonade,3.49,270,"2903 Burgener Blvd, San Diego, CA, 92110, US","2903 BURGENER BLVD, SAN DIEGO, CA 92110"
Single Teriyaki Burger,6.99,640,"2903 Burgener Blvd, San Diego, CA, 92110, US","2903 BURGENER BLVD, SAN DIEGO, CA 92110"
Double Teriyaki Burger,8.49,890,"2903 Burgener Blvd, San Diego, CA, 92110, US","2903 BURGENER BLVD, SAN DIEGO, CA 92110"
Big Angus Teriyaki Burger,8.99,780,"2903 Burgener Blvd, San Diego, CA, 92110, US","2903 BURGENER BLVD, SAN DIEGO, CA 92110"
Single Famous Star®,6.59,670,"2903 Burgener Blvd, San Diego, CA, 92110, US","2903 BURGENER BLVD, SAN DIEGO, CA 92110"
Double Famous Star®,8.09,920,"2903 Burgener Blvd, San Diego, CA, 92110, US","2903 BURGENER BLVD, SAN DIEGO, CA 92110"
Big Angus Famous Star®,8.59,830,"2903 Burgener Blvd, San Diego, CA, 92110, US","2903 BURGENER BLVD, SAN DIEGO, CA 92110"
Single Western Bacon Cheeseburger®,7.79,760,"2903 Burgener Blvd, San Diego, CA, 92110, US","2903 BURGENER BLVD, SAN DIEGO, CA 92110"
Double Western Bacon Cheeseburger®,9.29,1020,"2903 Burgener Blvd, San Diego, CA, 92110, US","2903 BURGENER BLVD, SAN DIEGO, CA 92110"
Big Angus Western Bacon Cheeseburger®,9.79,1020,"2903 Burgener Blvd, San Diego, CA, 92110, US","2903 BURGENER BLVD, SAN DIEGO, CA 92110"
Single Big Carl®,6.19,670,"2903 Burgener Blvd, San Diego, CA, 92110, US","2903 BURGENER BLVD, SAN DIEGO, CA 92110"
Double Big Carl®,7.69,920,"2903 Burgener Blvd, San Diego, CA, 92110, US","2903 BURGENER BLVD, SAN DIEGO, CA 92110"
Big Angus Big Carl®,8.19,770,"2903 Burgener Blvd, San Diego, CA, 92110, US","2903 BURGENER BLVD, SAN DIEGO, CA 92110"
Single Guacamole Bacon Burger,7.79,870,"2903 Burgener Blvd, San Diego, CA, 92110, US","2903 BURGENER BLVD, SAN DIEGO, CA 92110"
Double Guacamole Bacon Burger,9.29,1130,"2903 Burgener Blvd, San Diego, CA, 92110, US","2903 BURGENER BLVD, SAN DIEGO, CA 92110"
Big Angus Guacamole Bacon Burger,9.79,960,"2903 Burgener Blvd, San Diego, CA, 92110, US","2903 BURGENER BLVD, SAN DIEGO, CA 92110"
Single El Diablo ,8.79,950,"2903 Burgener Blvd, San Diego, CA, 92110, US","2903 BURGENER BLVD, SAN DIEGO, CA 92110"
Double El Diablo ,10.29,1210,"2903 Burgener Blvd, San Diego, CA, 92110, US","2903 BURGENER BLVD, SAN DIEGO, CA 92110"
Big Angus El Diablo ,10.79,1050,"2903 Burgener Blvd, San Diego, CA, 92110, US","2903 BURGENER BLVD, SAN DIEGO, CA 92110"
California Classic Double Cheeseburger,4.78,560,"2903 Burgener Blvd, San Diego, CA, 92110, US","2903 BURGENER BLVD, SAN DIEGO, CA 92110"
